target,t_acc,query,q_acc,evalue,score,sample,contig,query_type
tig00021708-10-192480_24,-,ATPase_1,-,7.6e-62,215.5,AalE,tig00021708-10-192480,ATPase
tig00266088-10-111070_19,-,ATPase_1,-,1.3e-17,70.3,AalE,tig00266088-10-111070,ATPase
tig00023338-10-248230_19,-,ATPase_1,-,2.9e-17,69.2,AalE,tig00023338-10-248230,ATPase
tig00023338-10-248230_9,-,ATPase_1,-,3.6e-17,68.9,AalE,tig00023338-10-248230,ATPase
tig00266089-10-124580_8,-,ATPase_1,-,6.4e-16,64.8,AalE,tig00266089-10-124580,ATPase
tig01014196-10-76350_10,-,ATPase_1,-,1.1e-15,63.9,AalE,tig01014196-10-76350,ATPase
tig00021708-10-192480_24,-,ATPase_2,-,5.4e-58,203.1,AalE,tig00021708-10-192480,ATPase
tig00266088-10-111070_19,-,ATPase_2,-,5.9e-17,68.2,AalE,tig00266088-10-111070,ATPase
tig00023338-10-248230_19,-,ATPase_2,-,1.5e-16,66.9,AalE,tig00023338-10-248230,ATPase
tig00266089-10-124580_8,-,ATPase_2,-,2.1e-16,66.4,AalE,tig00266089-10-124580,ATPase
tig00023338-10-248230_9,-,ATPase_2,-,2.2e-16,66.4,AalE,tig00023338-10-248230,ATPase
tig01014196-10-76350_10,-,ATPase_2,-,2.4e-15,62.9,AalE,tig01014196-10-76350,ATPase
tig00021708-10-192480_24,-,ATPase_3,-,4.2e-13,55.2,AalE,tig00021708-10-192480,ATPase
tig00021708-10-192480_24,-,ATPase_4,-,7e-23,87.7,AalE,tig00021708-10-192480,ATPase
tig00021708-10-192480_22,-,MCP_1,-,1.5e-114,390.1,AalE,tig00021708-10-192480,MCP
tig00021708-10-192480_22,-,MCP_2,-,5.2e-42,150.4,AalE,tig00021708-10-192480,MCP
tig00021708-10-192480_22,-,MCP_3,-,1.4e-19,76.4,AalE,tig00021708-10-192480,MCP
tig00021708-10-192480_22,-,MCP_4,-,8.4e-22,83.8,AalE,tig00021708-10-192480,MCP
tig00021708-10-192480_22,-,MCP_5,-,1.1e-16,66.7,AalE,tig00021708-10-192480,MCP
tig00021708-10-192480_22,-,MCP_6,-,6.1e-34,123.7,AalE,tig00021708-10-192480,MCP
tig00021708-10-192480_22,-,MCP_7,-,3.9e-24,91.2,AalE,tig00021708-10-192480,MCP
tig00021708-10-192480_3,-,Penton_1,-,9.6e-57,199.2,AalE,tig00021708-10-192480,Penton
tig00021708-10-192480_3,-,Penton_6,-,1.3e-12,53.2,AalE,tig00021708-10-192480,Penton
tig00021708-10-192480_3,-,Penton_7,-,1.3e-22,86.6,AalE,tig00021708-10-192480,Penton
tig00021708-10-192480_21,-,PRO_1,-,2.9e-42,151.2,AalE,tig00021708-10-192480,PRO
tig00266089-10-124580_5,-,PRO_1,-,3.5e-14,59.3,AalE,tig00266089-10-124580,PRO
tig01014196-10-76350_5,-,PRO_1,-,9.7e-14,57.9,AalE,tig01014196-10-76350,PRO
tig00023338-10-248230_6,-,PRO_1,-,6.5e-12,51.9,AalE,tig00023338-10-248230,PRO
tig00083928-10-131450_1,-,ALL_PLV,-,2e-26,100.4,AalW,tig00083928-10-131450,ALL_PLV
3300009163_assembled_Ga0114970_10000439_10,-,ATPase_1,-,6.8e-109,360.6,all,3300009163_assembled_Ga0114970_10000439,ATPase
3300010334_assembled_Ga0136644_10000572_10,-,ATPase_1,-,1.6e-108,359.4,all,3300010334_assembled_Ga0136644_10000572,ATPase
3300010885_assembled_Ga0133913_10009135_15,-,ATPase_1,-,4.1e-107,354.8,all,3300010885_assembled_Ga0133913_10009135,ATPase
3300009183_assembled_Ga0114974_10000518_21,-,ATPase_1,-,7.2e-106,350.7,all,3300009183_assembled_Ga0114974_10000518,ATPase
OL828819.1_14,-,ATPase_1,-,3.8e-105,348.3,all,OL828819.1,ATPase
3300010354_assembled_Ga0129333_10000799_11,-,ATPase_1,-,8.6e-105,347.1,all,3300010354_assembled_Ga0129333_10000799,ATPase
3300002835_assembled_B570J40625_100004419_20,-,ATPase_1,-,9.2e-105,347,all,3300002835_assembled_B570J40625_100004419,ATPase
3300009181_assembled_Ga0114969_10001288_25,-,ATPase_1,-,3.7e-104,345.1,all,3300009181_assembled_Ga0114969_10001288,ATPase
3300023174_assembled_Ga0214921_10004023_3,-,ATPase_1,-,7.6e-104,344,all,3300023174_assembled_Ga0214921_10004023,ATPase
3300027973_assembled_Ga0209298_10000424_23,-,ATPase_1,-,1e-103,343.6,all,3300027973_assembled_Ga0209298_10000424,ATPase
3300010885_assembled_Ga0133913_10009566_15,-,ATPase_1,-,2.6e-103,342.3,all,3300010885_assembled_Ga0133913_10009566,ATPase
3300007540_assembled_Ga0099847_1000087_6,-,ATPase_1,-,6.9e-103,340.9,all,3300007540_assembled_Ga0099847_1000087,ATPase
3300010885_assembled_Ga0133913_10010443_6,-,ATPase_1,-,2.1e-102,339.3,all,3300010885_assembled_Ga0133913_10010443,ATPase
3300010885_assembled_Ga0133913_10015411_11,-,ATPase_1,-,3e-102,338.8,all,3300010885_assembled_Ga0133913_10015411,ATPase
3300007734_assembled_Ga0104986_1721_5,-,ATPase_1,-,5.4e-102,337.9,all,3300007734_assembled_Ga0104986_1721,ATPase
3300025487_assembled_Ga0208105_1000377_12,-,ATPase_1,-,1e-101,337.1,all,3300025487_assembled_Ga0208105_1000377,ATPase
KJ854379.1_1,-,ATPase_1,-,1.2e-101,336.8,all,KJ854379.1,ATPase
3300005582_assembled_Ga0049080_10000091_2,-,ATPase_1,-,1.3e-101,336.7,all,3300005582_assembled_Ga0049080_10000091,ATPase
3300005747_assembled_Ga0076924_1015279_30,-,ATPase_1,-,2.1e-101,336,all,3300005747_assembled_Ga0076924_1015279,ATPase
3300006916_assembled_Ga0070750_10000267_13,-,ATPase_1,-,1.2e-100,333.5,all,3300006916_assembled_Ga0070750_10000267,ATPase
3300027708_assembled_Ga0209188_1000973_24,-,ATPase_1,-,1.2e-99,330.3,all,3300027708_assembled_Ga0209188_1000973,ATPase
3300027769_assembled_Ga0209770_10000312_19,-,ATPase_1,-,1.2e-98,327,all,3300027769_assembled_Ga0209770_10000312,ATPase
3300025401_assembled_Ga0207955_1000104_2,-,ATPase_1,-,1.3e-98,326.8,all,3300025401_assembled_Ga0207955_1000104,ATPase
3300009500_assembled_Ga0116229_10007006_21,-,ATPase_1,-,2.2e-98,326.1,all,3300009500_assembled_Ga0116229_10007006,ATPase
3300010885_assembled_Ga0133913_10009934_7,-,ATPase_1,-,5.1e-98,324.9,all,3300010885_assembled_Ga0133913_10009934,ATPase
3300027793_assembled_Ga0209972_10000880_7,-,ATPase_1,-,6.3e-98,324.6,all,3300027793_assembled_Ga0209972_10000880,ATPase
3300010885_assembled_Ga0133913_10013167_23,-,ATPase_1,-,8.1e-98,324.2,all,3300010885_assembled_Ga0133913_10013167,ATPase
3300028413_assembled_Ga0306870_1000093_3,-,ATPase_1,-,2.5e-96,319.4,all,3300028413_assembled_Ga0306870_1000093,ATPase
KC556925.1_1,-,ATPase_1,-,6.6e-94,311.4,all,KC556925.1,ATPase
3300002092_assembled_JGI24218J26658_1000290_25,-,ATPase_1,-,2.8e-93,309.4,all,3300002092_assembled_JGI24218J26658_1000290,ATPase
3300009183_assembled_Ga0114974_10001000_1,-,ATPase_1,-,1.6e-92,306.9,all,3300009183_assembled_Ga0114974_10001000,ATPase
3300006114_assembled_Ga0007815_1000154_23,-,ATPase_1,-,6.7e-92,304.8,all,3300006114_assembled_Ga0007815_1000154,ATPase
3300009182_assembled_Ga0114959_10001102_27,-,ATPase_1,-,4e-91,302.3,all,3300009182_assembled_Ga0114959_10001102,ATPase
3300019487_assembled_Ga0187893_10009394_10,-,ATPase_1,-,9.3e-91,301.1,all,3300019487_assembled_Ga0187893_10009394,ATPase
3300010413_assembled_Ga0136851_10008908_8,-,ATPase_1,-,1e-90,301,all,3300010413_assembled_Ga0136851_10008908,ATPase
3300032893_assembled_Ga0335069_10005211_12,-,ATPase_1,-,2.1e-90,299.9,all,3300032893_assembled_Ga0335069_10005211,ATPase
3300007541_assembled_Ga0099848_1000221_11,-,ATPase_1,-,6.5e-90,298.3,all,3300007541_assembled_Ga0099848_1000221,ATPase
3300032770_assembled_Ga0335085_10008907_6,-,ATPase_1,-,9.5e-90,297.8,all,3300032770_assembled_Ga0335085_10008907,ATPase
MG807318.2_4,-,ATPase_1,-,1.9e-88,293.5,all,MG807318.2,ATPase
3300027777_assembled_Ga0209829_10000789_10,-,ATPase_1,-,5e-88,292.1,all,3300027777_assembled_Ga0209829_10000789,ATPase
3300025646_assembled_Ga0208161_1000494_5,-,ATPase_1,-,6.3e-88,291.8,all,3300025646_assembled_Ga0208161_1000494,ATPase
3300000439_assembled_TBL_comb48_EPIDRAFT_1001871_4,-,ATPase_1,-,1.4e-87,290.7,all,3300000439_assembled_TBL_comb48_EPIDRAFT_1001871,ATPase
3300024254_assembled_Ga0247661_1000063_14,-,ATPase_1,-,1.7e-87,290.3,all,3300024254_assembled_Ga0247661_1000063,ATPase
JN603370.1_3,-,ATPase_1,-,3.3e-87,289.4,all,JN603370.1,ATPase
3300021438_assembled_Ga0213920_1000796_9,-,ATPase_1,-,4.3e-87,289.1,all,3300021438_assembled_Ga0213920_1000796,ATPase
3300013094_assembled_Ga0164297_10001420_22,-,ATPase_1,-,4.9e-87,288.9,all,3300013094_assembled_Ga0164297_10001420,ATPase
3300014492_assembled_Ga0182013_10004328_17,-,ATPase_1,-,7.6e-87,288.3,all,3300014492_assembled_Ga0182013_10004328,ATPase
3300009154_assembled_Ga0114963_10000587_7,-,ATPase_1,-,4.3e-85,282.5,all,3300009154_assembled_Ga0114963_10000587,ATPase
3300032665_assembled_Ga0316221_1001987_5,-,ATPase_1,-,7.9e-84,278.4,all,3300032665_assembled_Ga0316221_1001987,ATPase
3300009180_assembled_Ga0114979_10000767_10,-,ATPase_1,-,1.3e-82,274.4,all,3300009180_assembled_Ga0114979_10000767,ATPase
3300017971_assembled_Ga0180438_10003911_17,-,ATPase_1,-,3.4e-82,273,all,3300017971_assembled_Ga0180438_10003911,ATPase
3300029911_assembled_Ga0311361_10011007_11,-,ATPase_1,-,4.7e-82,272.5,all,3300029911_assembled_Ga0311361_10011007,ATPase
3300009548_assembled_Ga0116107_1001113_11,-,ATPase_1,-,4.9e-82,272.5,all,3300009548_assembled_Ga0116107_1001113,ATPase
3300035696_assembled_Ga0374055_0049619_3,-,ATPase_1,-,4e-81,269.5,all,3300035696_assembled_Ga0374055_0049619,ATPase
3300010885_assembled_Ga0133913_10007194_24,-,ATPase_1,-,5e-80,265.9,all,3300010885_assembled_Ga0133913_10007194,ATPase
3300010885_assembled_Ga0133913_10013256_6,-,ATPase_1,-,3.2e-79,263.2,all,3300010885_assembled_Ga0133913_10013256,ATPase
3300025736_assembled_Ga0207997_1001135_6,-,ATPase_1,-,4.9e-79,262.6,all,3300025736_assembled_Ga0207997_1001135,ATPase
3300006109_assembled_Ga0007870_1000162_11,-,ATPase_1,-,3.6e-77,256.5,all,3300006109_assembled_Ga0007870_1000162,ATPase
3300021168_assembled_Ga0210406_10003258_18,-,ATPase_1,-,1.9e-76,254.1,all,3300021168_assembled_Ga0210406_10003258,ATPase
3300009181_assembled_Ga0114969_10000735_13,-,ATPase_1,-,3e-76,253.5,all,3300009181_assembled_Ga0114969_10000735,ATPase
3300017963_assembled_Ga0180437_10003822_9,-,ATPase_1,-,5.8e-76,252.5,all,3300017963_assembled_Ga0180437_10003822,ATPase
3300002091_assembled_JGI24028J26656_1000152_5,-,ATPase_1,-,5.9e-76,252.5,all,3300002091_assembled_JGI24028J26656_1000152,ATPase
3300018022_assembled_Ga0187864_10002390_7,-,ATPase_1,-,1.1e-75,251.7,all,3300018022_assembled_Ga0187864_10002390,ATPase
3300025838_assembled_Ga0208872_1000426_13,-,ATPase_1,-,5e-75,249.5,all,3300025838_assembled_Ga0208872_1000426,ATPase
3300010885_assembled_Ga0133913_10017077_2,-,ATPase_1,-,9.4e-75,248.6,all,3300010885_assembled_Ga0133913_10017077,ATPase
3300027763_assembled_Ga0209088_10000481_11,-,ATPase_1,-,1e-74,248.5,all,3300027763_assembled_Ga0209088_10000481,ATPase
3300009184_assembled_Ga0114976_10000413_8,-,ATPase_1,-,1.2e-74,248.3,all,3300009184_assembled_Ga0114976_10000413,ATPase
3300009068_assembled_Ga0114973_10000639_6,-,ATPase_1,-,1.6e-74,247.8,all,3300009068_assembled_Ga0114973_10000639,ATPase
3300009151_assembled_Ga0114962_10000842_24,-,ATPase_1,-,2.8e-74,247,all,3300009151_assembled_Ga0114962_10000842,ATPase
3300009151_assembled_Ga0114962_10000818_19,-,ATPase_1,-,4e-74,246.5,all,3300009151_assembled_Ga0114962_10000818,ATPase
3300010885_assembled_Ga0133913_10008183_16,-,ATPase_1,-,9.1e-74,245.3,all,3300010885_assembled_Ga0133913_10008183,ATPase
3300007735_assembled_Ga0104988_10753_6,-,ATPase_1,-,1.1e-73,245,all,3300007735_assembled_Ga0104988_10753,ATPase
3300009151_assembled_Ga0114962_10001373_16,-,ATPase_1,-,1.3e-73,244.8,all,3300009151_assembled_Ga0114962_10001373,ATPase
3300010158_assembled_Ga0114960_10000772_15,-,ATPase_1,-,2.5e-73,243.9,all,3300010158_assembled_Ga0114960_10000772,ATPase
3300009068_assembled_Ga0114973_10000749_7,-,ATPase_1,-,3.6e-73,243.4,all,3300009068_assembled_Ga0114973_10000749,ATPase
3300010885_assembled_Ga0133913_10008424_15,-,ATPase_1,-,5.1e-73,242.9,all,3300010885_assembled_Ga0133913_10008424,ATPase
3300010885_assembled_Ga0133913_10011015_17,-,ATPase_1,-,2.5e-71,237.4,all,3300010885_assembled_Ga0133913_10011015,ATPase
3300009684_assembled_Ga0114958_10000782_18,-,ATPase_1,-,1.6e-69,231.4,all,3300009684_assembled_Ga0114958_10000782,ATPase
3300010885_assembled_Ga0133913_10012256_1,-,ATPase_1,-,2.5e-69,230.8,all,3300010885_assembled_Ga0133913_10012256,ATPase
3300009091_assembled_Ga0102851_10000522_14,-,ATPase_1,-,3.5e-69,230.3,all,3300009091_assembled_Ga0102851_10000522,ATPase
3300010885_assembled_Ga0133913_10027335_13,-,ATPase_1,-,9.6e-68,225.6,all,3300010885_assembled_Ga0133913_10027335,ATPase
3300002835_assembled_B570J40625_100005612_9,-,ATPase_1,-,2.4e-67,224.2,all,3300002835_assembled_B570J40625_100005612,ATPase
3300014204_assembled_Ga0172381_10002270_22,-,ATPase_1,-,3.3e-66,220.5,all,3300014204_assembled_Ga0172381_10002270,ATPase
3300010885_assembled_Ga0133913_10012712_3,-,ATPase_1,-,5.5e-64,213.2,all,3300010885_assembled_Ga0133913_10012712,ATPase
3300009111_assembled_Ga0115026_10000109_5,-,ATPase_1,-,5.1e-63,210.1,all,3300009111_assembled_Ga0115026_10000109,ATPase
3300010885_assembled_Ga0133913_10011061_27,-,ATPase_1,-,2.2e-62,208,all,3300010885_assembled_Ga0133913_10011061,ATPase
3300009151_assembled_Ga0114962_10001691_7,-,ATPase_1,-,1.1e-61,205.7,all,3300009151_assembled_Ga0114962_10001691,ATPase
3300009160_assembled_Ga0114981_10001519_4,-,ATPase_1,-,6e-61,203.3,all,3300009160_assembled_Ga0114981_10001519,ATPase
3300002835_assembled_B570J40625_100006411_16,-,ATPase_1,-,2.1e-57,191.6,all,3300002835_assembled_B570J40625_100006411,ATPase
3300027749_assembled_Ga0209084_1000714_3,-,ATPase_1,-,1.4e-56,189,all,3300027749_assembled_Ga0209084_1000714,ATPase
KM502591.1_1,-,ATPase_1,-,1.9e-55,185.2,all,KM502591.1,ATPase
3300010157_assembled_Ga0114964_10000880_4,-,ATPase_1,-,4.8e-50,167.5,all,3300010157_assembled_Ga0114964_10000880,ATPase
Cflag_017B_10,-,ATPase_1,-,5.7e-42,141,all,Cflag_017B,ATPase
BVI_058_10,-,ATPase_1,-,3.3e-41,138.5,all,BVI_058,ATPase
3300005831_assembled_Ga0074471_10193221_20,-,ATPase_1,-,9.8e-39,130.4,all,3300005831_assembled_Ga0074471_10193221,ATPase
RCC970_016A_11,-,ATPase_1,-,4.6e-38,128.2,all,RCC970_016A,ATPase
BVI_001A_6,-,ATPase_1,-,1.2e-37,126.8,all,BVI_001A,ATPase
3300017971_assembled_Ga0180438_10002894_25,-,ATPase_1,-,8.2e-36,120.8,all,3300017971_assembled_Ga0180438_10002894,ATPase
HQ712116.1_15,-,ATPase_1,-,5.5e-33,111.5,all,HQ712116.1,ATPase
3300009085_assembled_Ga0105103_10000772_3,-,ATPase_1,-,1.9e-32,109.8,all,3300009085_assembled_Ga0105103_10000772,ATPase
E4-10_001_14,-,ATPase_1,-,4.9e-32,108.4,all,E4-10_001,ATPase
3300017971_assembled_Ga0180438_10002894_1,-,ATPase_1,-,2.3e-27,93.1,all,3300017971_assembled_Ga0180438_10002894,ATPase
3300009181_assembled_Ga0114969_10000735_13,-,ATPase_2,-,5.5e-133,440.4,all,3300009181_assembled_Ga0114969_10000735,ATPase
3300025838_assembled_Ga0208872_1000426_13,-,ATPase_2,-,9.1e-130,429.8,all,3300025838_assembled_Ga0208872_1000426,ATPase
3300009184_assembled_Ga0114976_10000413_8,-,ATPase_2,-,4.7e-128,424.1,all,3300009184_assembled_Ga0114976_10000413,ATPase
3300027763_assembled_Ga0209088_10000481_11,-,ATPase_2,-,5.7e-128,423.9,all,3300027763_assembled_Ga0209088_10000481,ATPase
3300006109_assembled_Ga0007870_1000162_11,-,ATPase_2,-,7.1e-128,423.6,all,3300006109_assembled_Ga0007870_1000162,ATPase
3300009068_assembled_Ga0114973_10000639_6,-,ATPase_2,-,3.1e-127,421.4,all,3300009068_assembled_Ga0114973_10000639,ATPase
3300009151_assembled_Ga0114962_10000818_19,-,ATPase_2,-,8.7e-126,416.7,all,3300009151_assembled_Ga0114962_10000818,ATPase
3300009068_assembled_Ga0114973_10000749_7,-,ATPase_2,-,3e-125,414.9,all,3300009068_assembled_Ga0114973_10000749,ATPase
3300010885_assembled_Ga0133913_10017077_2,-,ATPase_2,-,1e-124,413.2,all,3300010885_assembled_Ga0133913_10017077,ATPase
3300010885_assembled_Ga0133913_10007194_24,-,ATPase_2,-,4.2e-124,411.2,all,3300010885_assembled_Ga0133913_10007194,ATPase
3300009151_assembled_Ga0114962_10000842_24,-,ATPase_2,-,1.7e-123,409.1,all,3300009151_assembled_Ga0114962_10000842,ATPase
3300002091_assembled_JGI24028J26656_1000152_5,-,ATPase_2,-,3.6e-123,408.1,all,3300002091_assembled_JGI24028J26656_1000152,ATPase
3300010158_assembled_Ga0114960_10000772_15,-,ATPase_2,-,1.3e-122,406.2,all,3300010158_assembled_Ga0114960_10000772,ATPase
3300009684_assembled_Ga0114958_10000782_18,-,ATPase_2,-,4.9e-119,394.5,all,3300009684_assembled_Ga0114958_10000782,ATPase
3300010885_assembled_Ga0133913_10012256_1,-,ATPase_2,-,9.4e-118,390.3,all,3300010885_assembled_Ga0133913_10012256,ATPase
3300007735_assembled_Ga0104988_10753_6,-,ATPase_2,-,8.3e-117,387.2,all,3300007735_assembled_Ga0104988_10753,ATPase
3300010885_assembled_Ga0133913_10011015_17,-,ATPase_2,-,1.1e-114,380.2,all,3300010885_assembled_Ga0133913_10011015,ATPase
3300010885_assembled_Ga0133913_10008424_15,-,ATPase_2,-,2.6e-108,359.3,all,3300010885_assembled_Ga0133913_10008424,ATPase
3300010885_assembled_Ga0133913_10008183_16,-,ATPase_2,-,9.1e-108,357.5,all,3300010885_assembled_Ga0133913_10008183,ATPase
3300010413_assembled_Ga0136851_10008908_8,-,ATPase_2,-,2.4e-94,313.3,all,3300010413_assembled_Ga0136851_10008908,ATPase
3300009500_assembled_Ga0116229_10007006_21,-,ATPase_2,-,1.8e-93,310.4,all,3300009500_assembled_Ga0116229_10007006,ATPase
3300009163_assembled_Ga0114970_10000439_10,-,ATPase_2,-,2.3e-85,283.8,all,3300009163_assembled_Ga0114970_10000439,ATPase
3300010885_assembled_Ga0133913_10027335_13,-,ATPase_2,-,6.9e-85,282.3,all,3300010885_assembled_Ga0133913_10027335,ATPase
3300000439_assembled_TBL_comb48_EPIDRAFT_1001871_4,-,ATPase_2,-,2e-84,280.8,all,3300000439_assembled_TBL_comb48_EPIDRAFT_1001871,ATPase
3300009548_assembled_Ga0116107_1001113_11,-,ATPase_2,-,1.9e-83,277.6,all,3300009548_assembled_Ga0116107_1001113,ATPase
3300009183_assembled_Ga0114974_10000518_21,-,ATPase_2,-,3.6e-83,276.6,all,3300009183_assembled_Ga0114974_10000518,ATPase
3300010354_assembled_Ga0129333_10000799_11,-,ATPase_2,-,1.6e-82,274.5,all,3300010354_assembled_Ga0129333_10000799,ATPase
OL828819.1_14,-,ATPase_2,-,4.1e-82,273.2,all,OL828819.1,ATPase
3300023174_assembled_Ga0214921_10004023_3,-,ATPase_2,-,6.7e-82,272.4,all,3300023174_assembled_Ga0214921_10004023,ATPase
3300002835_assembled_B570J40625_100004419_20,-,ATPase_2,-,1.9e-81,270.9,all,3300002835_assembled_B570J40625_100004419,ATPase
3300027749_assembled_Ga0209084_1000714_3,-,ATPase_2,-,2.7e-81,270.4,all,3300027749_assembled_Ga0209084_1000714,ATPase
3300025487_assembled_Ga0208105_1000377_12,-,ATPase_2,-,4e-81,269.9,all,3300025487_assembled_Ga0208105_1000377,ATPase
3300007541_assembled_Ga0099848_1000221_11,-,ATPase_2,-,7.5e-81,269,all,3300007541_assembled_Ga0099848_1000221,ATPase
3300027973_assembled_Ga0209298_10000424_23,-,ATPase_2,-,4.2e-80,266.5,all,3300027973_assembled_Ga0209298_10000424,ATPase
3300010885_assembled_Ga0133913_10013256_6,-,ATPase_2,-,8.8e-80,265.5,all,3300010885_assembled_Ga0133913_10013256,ATPase
3300006916_assembled_Ga0070750_10000267_13,-,ATPase_2,-,1.1e-79,265.2,all,3300006916_assembled_Ga0070750_10000267,ATPase
3300007734_assembled_Ga0104986_1721_5,-,ATPase_2,-,2.4e-79,264,all,3300007734_assembled_Ga0104986_1721,ATPase
3300010885_assembled_Ga0133913_10013167_23,-,ATPase_2,-,2.6e-79,263.9,all,3300010885_assembled_Ga0133913_10013167,ATPase
3300027708_assembled_Ga0209188_1000973_24,-,ATPase_2,-,7.8e-79,262.4,all,3300027708_assembled_Ga0209188_1000973,ATPase
3300010885_assembled_Ga0133913_10010443_6,-,ATPase_2,-,9.6e-79,262.1,all,3300010885_assembled_Ga0133913_10010443,ATPase
3300010885_assembled_Ga0133913_10009135_15,-,ATPase_2,-,1.6e-78,261.3,all,3300010885_assembled_Ga0133913_10009135,ATPase
3300010334_assembled_Ga0136644_10000572_10,-,ATPase_2,-,1.9e-78,261.1,all,3300010334_assembled_Ga0136644_10000572,ATPase
3300007540_assembled_Ga0099847_1000087_6,-,ATPase_2,-,5e-78,259.7,all,3300007540_assembled_Ga0099847_1000087,ATPase
3300025736_assembled_Ga0207997_1001135_6,-,ATPase_2,-,9.7e-78,258.8,all,3300025736_assembled_Ga0207997_1001135,ATPase
3300021438_assembled_Ga0213920_1000796_9,-,ATPase_2,-,1.1e-77,258.5,all,3300021438_assembled_Ga0213920_1000796,ATPase
3300005747_assembled_Ga0076924_1015279_30,-,ATPase_2,-,1.1e-77,258.5,all,3300005747_assembled_Ga0076924_1015279,ATPase
MG807318.2_4,-,ATPase_2,-,3.4e-77,257,all,MG807318.2,ATPase
KJ854379.1_1,-,ATPase_2,-,3.9e-77,256.8,all,KJ854379.1,ATPase
3300025401_assembled_Ga0207955_1000104_2,-,ATPase_2,-,7.4e-77,255.9,all,3300025401_assembled_Ga0207955_1000104,ATPase
3300010885_assembled_Ga0133913_10009566_15,-,ATPase_2,-,1.1e-76,255.3,all,3300010885_assembled_Ga0133913_10009566,ATPase
3300019487_assembled_Ga0187893_10009394_10,-,ATPase_2,-,1.2e-76,255.2,all,3300019487_assembled_Ga0187893_10009394,ATPase
3300009181_assembled_Ga0114969_10001288_25,-,ATPase_2,-,2.1e-76,254.4,all,3300009181_assembled_Ga0114969_10001288,ATPase
3300017971_assembled_Ga0180438_10003911_17,-,ATPase_2,-,2.4e-76,254.2,all,3300017971_assembled_Ga0180438_10003911,ATPase
3300032893_assembled_Ga0335069_10005211_12,-,ATPase_2,-,5.3e-76,253,all,3300032893_assembled_Ga0335069_10005211,ATPase
3300027793_assembled_Ga0209972_10000880_7,-,ATPase_2,-,7.9e-76,252.5,all,3300027793_assembled_Ga0209972_10000880,ATPase
3300010885_assembled_Ga0133913_10015411_11,-,ATPase_2,-,9.8e-76,252.2,all,3300010885_assembled_Ga0133913_10015411,ATPase
3300005582_assembled_Ga0049080_10000091_2,-,ATPase_2,-,1.7e-75,251.4,all,3300005582_assembled_Ga0049080_10000091,ATPase
KC556925.1_1,-,ATPase_2,-,3.4e-75,250.4,all,KC556925.1,ATPase
3300010885_assembled_Ga0133913_10009934_7,-,ATPase_2,-,1.1e-74,248.7,all,3300010885_assembled_Ga0133913_10009934,ATPase
3300027769_assembled_Ga0209770_10000312_19,-,ATPase_2,-,1.3e-74,248.5,all,3300027769_assembled_Ga0209770_10000312,ATPase
3300025646_assembled_Ga0208161_1000494_5,-,ATPase_2,-,2.2e-74,247.7,all,3300025646_assembled_Ga0208161_1000494,ATPase
JN603370.1_3,-,ATPase_2,-,2.6e-74,247.5,all,JN603370.1,ATPase
3300014492_assembled_Ga0182013_10004328_17,-,ATPase_2,-,2.9e-74,247.3,all,3300014492_assembled_Ga0182013_10004328,ATPase
3300024254_assembled_Ga0247661_1000063_14,-,ATPase_2,-,3.2e-73,243.9,all,3300024254_assembled_Ga0247661_1000063,ATPase
3300017963_assembled_Ga0180437_10003822_9,-,ATPase_2,-,6.2e-73,243,all,3300017963_assembled_Ga0180437_10003822,ATPase
3300032770_assembled_Ga0335085_10008907_6,-,ATPase_2,-,1.7e-72,241.5,all,3300032770_assembled_Ga0335085_10008907,ATPase
3300002092_assembled_JGI24218J26658_1000290_25,-,ATPase_2,-,2e-72,241.3,all,3300002092_assembled_JGI24218J26658_1000290,ATPase
3300028413_assembled_Ga0306870_1000093_3,-,ATPase_2,-,2e-72,241.3,all,3300028413_assembled_Ga0306870_1000093,ATPase
3300009183_assembled_Ga0114974_10001000_1,-,ATPase_2,-,1.4e-71,238.5,all,3300009183_assembled_Ga0114974_10001000,ATPase
3300009182_assembled_Ga0114959_10001102_27,-,ATPase_2,-,2e-70,234.7,all,3300009182_assembled_Ga0114959_10001102,ATPase
3300006114_assembled_Ga0007815_1000154_23,-,ATPase_2,-,3.3e-70,234,all,3300006114_assembled_Ga0007815_1000154,ATPase
3300013094_assembled_Ga0164297_10001420_22,-,ATPase_2,-,4.8e-70,233.5,all,3300013094_assembled_Ga0164297_10001420,ATPase
3300010885_assembled_Ga0133913_10012712_3,-,ATPase_2,-,8.8e-70,232.6,all,3300010885_assembled_Ga0133913_10012712,ATPase
3300029911_assembled_Ga0311361_10011007_11,-,ATPase_2,-,9.6e-70,232.5,all,3300029911_assembled_Ga0311361_10011007,ATPase
3300009160_assembled_Ga0114981_10001519_4,-,ATPase_2,-,1.5e-69,231.9,all,3300009160_assembled_Ga0114981_10001519,ATPase
3300027777_assembled_Ga0209829_10000789_10,-,ATPase_2,-,2.7e-69,231,all,3300027777_assembled_Ga0209829_10000789,ATPase
3300009091_assembled_Ga0102851_10000522_14,-,ATPase_2,-,3.8e-69,230.5,all,3300009091_assembled_Ga0102851_10000522,ATPase
3300032665_assembled_Ga0316221_1001987_5,-,ATPase_2,-,4.8e-69,230.2,all,3300032665_assembled_Ga0316221_1001987,ATPase
3300014204_assembled_Ga0172381_10002270_22,-,ATPase_2,-,1.5e-67,225.2,all,3300014204_assembled_Ga0172381_10002270,ATPase
3300009180_assembled_Ga0114979_10000767_10,-,ATPase_2,-,1.7e-66,221.8,all,3300009180_assembled_Ga0114979_10000767,ATPase
3300009151_assembled_Ga0114962_10001373_16,-,ATPase_2,-,2e-65,218.3,all,3300009151_assembled_Ga0114962_10001373,ATPase
3300035696_assembled_Ga0374055_0049619_3,-,ATPase_2,-,1.6e-64,215.3,all,3300035696_assembled_Ga0374055_0049619,ATPase
3300009154_assembled_Ga0114963_10000587_7,-,ATPase_2,-,3.7e-64,214.1,all,3300009154_assembled_Ga0114963_10000587,ATPase
3300018022_assembled_Ga0187864_10002390_7,-,ATPase_2,-,2.9e-61,204.6,all,3300018022_assembled_Ga0187864_10002390,ATPase
3300021168_assembled_Ga0210406_10003258_18,-,ATPase_2,-,5.9e-61,203.6,all,3300021168_assembled_Ga0210406_10003258,ATPase
3300010885_assembled_Ga0133913_10011061_27,-,ATPase_2,-,1.4e-59,199.1,all,3300010885_assembled_Ga0133913_10011061,ATPase
3300010157_assembled_Ga0114964_10000880_4,-,ATPase_2,-,5.1e-58,193.9,all,3300010157_assembled_Ga0114964_10000880,ATPase
KM502591.1_1,-,ATPase_2,-,7.6e-57,190.1,all,KM502591.1,ATPase
3300009151_assembled_Ga0114962_10001691_7,-,ATPase_2,-,9.2e-56,186.5,all,3300009151_assembled_Ga0114962_10001691,ATPase
3300009111_assembled_Ga0115026_10000109_5,-,ATPase_2,-,1.3e-53,179.5,all,3300009111_assembled_Ga0115026_10000109,ATPase
3300002835_assembled_B570J40625_100005612_9,-,ATPase_2,-,2.1e-51,172.2,all,3300002835_assembled_B570J40625_100005612,ATPase
3300005831_assembled_Ga0074471_10193221_20,-,ATPase_2,-,4.6e-51,171.1,all,3300005831_assembled_Ga0074471_10193221,ATPase
Cflag_017B_10,-,ATPase_2,-,9.1e-45,150.4,all,Cflag_017B,ATPase
3300009085_assembled_Ga0105103_10000772_3,-,ATPase_2,-,1.2e-44,149.9,all,3300009085_assembled_Ga0105103_10000772,ATPase
3300002835_assembled_B570J40625_100006411_16,-,ATPase_2,-,1.4e-44,149.8,all,3300002835_assembled_B570J40625_100006411,ATPase
RCC970_016A_11,-,ATPase_2,-,1.4e-39,133.4,all,RCC970_016A,ATPase
BVI_058_10,-,ATPase_2,-,2.3e-39,132.6,all,BVI_058,ATPase
BVI_001A_6,-,ATPase_2,-,8.4e-34,114.3,all,BVI_001A,ATPase
3300017971_assembled_Ga0180438_10002894_25,-,ATPase_2,-,8.6e-34,114.3,all,3300017971_assembled_Ga0180438_10002894,ATPase
E4-10_001_14,-,ATPase_2,-,1.4e-33,113.6,all,E4-10_001,ATPase
HQ712116.1_15,-,ATPase_2,-,2e-30,103.2,all,HQ712116.1,ATPase
3300017971_assembled_Ga0180438_10002894_1,-,ATPase_2,-,5e-26,88.8,all,3300017971_assembled_Ga0180438_10002894,ATPase
3300000439_assembled_TBL_comb48_EPIDRAFT_1001871_4,-,ATPase_3,-,3.8e-30,101.9,all,3300000439_assembled_TBL_comb48_EPIDRAFT_1001871,ATPase
3300032665_assembled_Ga0316221_1001987_5,-,ATPase_3,-,8e-28,94.3,all,3300032665_assembled_Ga0316221_1001987,ATPase
3300023174_assembled_Ga0214921_10004023_3,-,ATPase_3,-,4.2e-27,91.9,all,3300023174_assembled_Ga0214921_10004023,ATPase
3300009548_assembled_Ga0116107_1001113_11,-,ATPase_3,-,4.9e-27,91.7,all,3300009548_assembled_Ga0116107_1001113,ATPase
3300010885_assembled_Ga0133913_10009566_15,-,ATPase_3,-,2.3e-24,82.9,all,3300010885_assembled_Ga0133913_10009566,ATPase
3300006916_assembled_Ga0070750_10000267_13,-,ATPase_3,-,6.1e-24,81.5,all,3300006916_assembled_Ga0070750_10000267,ATPase
MG807318.2_4,-,ATPase_3,-,1.1e-23,80.7,all,MG807318.2,ATPase
3300027769_assembled_Ga0209770_10000312_19,-,ATPase_3,-,1.1e-23,80.7,all,3300027769_assembled_Ga0209770_10000312,ATPase
3300005747_assembled_Ga0076924_1015279_30,-,ATPase_3,-,1.2e-23,80.6,all,3300005747_assembled_Ga0076924_1015279,ATPase
3300028413_assembled_Ga0306870_1000093_3,-,ATPase_3,-,1.7e-23,80.1,all,3300028413_assembled_Ga0306870_1000093,ATPase
3300027777_assembled_Ga0209829_10000789_10,-,ATPase_3,-,1.8e-23,80,all,3300027777_assembled_Ga0209829_10000789,ATPase
3300005582_assembled_Ga0049080_10000091_2,-,ATPase_3,-,2.5e-23,79.5,all,3300005582_assembled_Ga0049080_10000091,ATPase
3300025401_assembled_Ga0207955_1000104_2,-,ATPase_3,-,2.6e-23,79.4,all,3300025401_assembled_Ga0207955_1000104,ATPase
3300027973_assembled_Ga0209298_10000424_23,-,ATPase_3,-,3.3e-23,79.1,all,3300027973_assembled_Ga0209298_10000424,ATPase
3300017963_assembled_Ga0180437_10003822_9,-,ATPase_3,-,5.7e-23,78.4,all,3300017963_assembled_Ga0180437_10003822,ATPase
3300021438_assembled_Ga0213920_1000796_9,-,ATPase_3,-,7.6e-23,77.9,all,3300021438_assembled_Ga0213920_1000796,ATPase
3300010885_assembled_Ga0133913_10017077_2,-,ATPase_3,-,1e-22,77.5,all,3300010885_assembled_Ga0133913_10017077,ATPase
3300009181_assembled_Ga0114969_10001288_25,-,ATPase_3,-,1e-22,77.5,all,3300009181_assembled_Ga0114969_10001288,ATPase
JN603370.1_3,-,ATPase_3,-,1.1e-22,77.4,all,JN603370.1,ATPase
3300025487_assembled_Ga0208105_1000377_12,-,ATPase_3,-,1.6e-22,76.9,all,3300025487_assembled_Ga0208105_1000377,ATPase
3300010885_assembled_Ga0133913_10013167_23,-,ATPase_3,-,1.8e-22,76.7,all,3300010885_assembled_Ga0133913_10013167,ATPase
3300009154_assembled_Ga0114963_10000587_7,-,ATPase_3,-,1.9e-22,76.7,all,3300009154_assembled_Ga0114963_10000587,ATPase
3300017971_assembled_Ga0180438_10003911_17,-,ATPase_3,-,2.3e-22,76.4,all,3300017971_assembled_Ga0180438_10003911,ATPase
3300010413_assembled_Ga0136851_10008908_8,-,ATPase_3,-,3.3e-22,75.9,all,3300010413_assembled_Ga0136851_10008908,ATPase
3300027793_assembled_Ga0209972_10000880_7,-,ATPase_3,-,4.4e-22,75.5,all,3300027793_assembled_Ga0209972_10000880,ATPase
KC556925.1_1,-,ATPase_3,-,6.7e-22,74.8,all,KC556925.1,ATPase
3300009184_assembled_Ga0114976_10000413_8,-,ATPase_3,-,7.2e-22,74.7,all,3300009184_assembled_Ga0114976_10000413,ATPase
3300027763_assembled_Ga0209088_10000481_11,-,ATPase_3,-,1.1e-21,74.1,all,3300027763_assembled_Ga0209088_10000481,ATPase
3300010885_assembled_Ga0133913_10009934_7,-,ATPase_3,-,1.9e-21,73.3,all,3300010885_assembled_Ga0133913_10009934,ATPase
3300009068_assembled_Ga0114973_10000749_7,-,ATPase_3,-,2e-21,73.3,all,3300009068_assembled_Ga0114973_10000749,ATPase
3300027708_assembled_Ga0209188_1000973_24,-,ATPase_3,-,2.1e-21,73.2,all,3300027708_assembled_Ga0209188_1000973,ATPase
3300010885_assembled_Ga0133913_10012256_1,-,ATPase_3,-,2.2e-21,73.1,all,3300010885_assembled_Ga0133913_10012256,ATPase
3300010885_assembled_Ga0133913_10008183_16,-,ATPase_3,-,4.4e-21,72.2,all,3300010885_assembled_Ga0133913_10008183,ATPase
3300009151_assembled_Ga0114962_10000818_19,-,ATPase_3,-,4.5e-21,72.1,all,3300009151_assembled_Ga0114962_10000818,ATPase
3300007540_assembled_Ga0099847_1000087_6,-,ATPase_3,-,4.5e-21,72.1,all,3300007540_assembled_Ga0099847_1000087,ATPase
3300010885_assembled_Ga0133913_10011015_17,-,ATPase_3,-,4.9e-21,72,all,3300010885_assembled_Ga0133913_10011015,ATPase
3300009068_assembled_Ga0114973_10000639_6,-,ATPase_3,-,5.3e-21,71.9,all,3300009068_assembled_Ga0114973_10000639,ATPase
3300010885_assembled_Ga0133913_10008424_15,-,ATPase_3,-,7.9e-21,71.3,all,3300010885_assembled_Ga0133913_10008424,ATPase
KJ854379.1_1,-,ATPase_3,-,9.2e-21,71.1,all,KJ854379.1,ATPase
3300029911_assembled_Ga0311361_10011007_11,-,ATPase_3,-,9.8e-21,71,all,3300029911_assembled_Ga0311361_10011007,ATPase
3300010885_assembled_Ga0133913_10015411_11,-,ATPase_3,-,1.2e-20,70.8,all,3300010885_assembled_Ga0133913_10015411,ATPase
3300007735_assembled_Ga0104988_10753_6,-,ATPase_3,-,1.3e-20,70.6,all,3300007735_assembled_Ga0104988_10753,ATPase
3300007734_assembled_Ga0104986_1721_5,-,ATPase_3,-,1.4e-20,70.5,all,3300007734_assembled_Ga0104986_1721,ATPase
3300032770_assembled_Ga0335085_10008907_6,-,ATPase_3,-,1.8e-20,70.1,all,3300032770_assembled_Ga0335085_10008907,ATPase
3300006109_assembled_Ga0007870_1000162_11,-,ATPase_3,-,2.6e-20,69.6,all,3300006109_assembled_Ga0007870_1000162,ATPase
3300010885_assembled_Ga0133913_10007194_24,-,ATPase_3,-,1.3e-19,67.3,all,3300010885_assembled_Ga0133913_10007194,ATPase
3300009500_assembled_Ga0116229_10007006_21,-,ATPase_3,-,1.5e-19,67.2,all,3300009500_assembled_Ga0116229_10007006,ATPase
3300009183_assembled_Ga0114974_10000518_21,-,ATPase_3,-,1.5e-19,67.2,all,3300009183_assembled_Ga0114974_10000518,ATPase
3300024254_assembled_Ga0247661_1000063_14,-,ATPase_3,-,1.9e-19,66.8,all,3300024254_assembled_Ga0247661_1000063,ATPase
3300009182_assembled_Ga0114959_10001102_27,-,ATPase_3,-,2.8e-19,66.2,all,3300009182_assembled_Ga0114959_10001102,ATPase
3300010158_assembled_Ga0114960_10000772_15,-,ATPase_3,-,3.2e-19,66.1,all,3300010158_assembled_Ga0114960_10000772,ATPase
3300009684_assembled_Ga0114958_10000782_18,-,ATPase_3,-,3.7e-19,65.9,all,3300009684_assembled_Ga0114958_10000782,ATPase
3300002835_assembled_B570J40625_100004419_20,-,ATPase_3,-,3.7e-19,65.9,all,3300002835_assembled_B570J40625_100004419,ATPase
3300006114_assembled_Ga0007815_1000154_23,-,ATPase_3,-,4e-19,65.7,all,3300006114_assembled_Ga0007815_1000154,ATPase
3300009181_assembled_Ga0114969_10000735_13,-,ATPase_3,-,4.6e-19,65.5,all,3300009181_assembled_Ga0114969_10000735,ATPase
3300010885_assembled_Ga0133913_10013256_6,-,ATPase_3,-,6.5e-19,65.1,all,3300010885_assembled_Ga0133913_10013256,ATPase
3300010354_assembled_Ga0129333_10000799_11,-,ATPase_3,-,7e-19,64.9,all,3300010354_assembled_Ga0129333_10000799,ATPase
OL828819.1_14,-,ATPase_3,-,1.4e-18,64,all,OL828819.1,ATPase
3300019487_assembled_Ga0187893_10009394_10,-,ATPase_3,-,1.9e-18,63.5,all,3300019487_assembled_Ga0187893_10009394,ATPase
3300014204_assembled_Ga0172381_10002270_22,-,ATPase_3,-,3e-18,62.9,all,3300014204_assembled_Ga0172381_10002270,ATPase
3300009183_assembled_Ga0114974_10001000_1,-,ATPase_3,-,3.9e-18,62.5,all,3300009183_assembled_Ga0114974_10001000,ATPase
3300035696_assembled_Ga0374055_0049619_3,-,ATPase_3,-,1.6e-17,60.5,all,3300035696_assembled_Ga0374055_0049619,ATPase
3300007541_assembled_Ga0099848_1000221_11,-,ATPase_3,-,2e-17,60.2,all,3300007541_assembled_Ga0099848_1000221,ATPase
3300025838_assembled_Ga0208872_1000426_13,-,ATPase_3,-,2.5e-17,59.8,all,3300025838_assembled_Ga0208872_1000426,ATPase
3300009163_assembled_Ga0114970_10000439_10,-,ATPase_3,-,4.5e-17,59,all,3300009163_assembled_Ga0114970_10000439,ATPase
3300032893_assembled_Ga0335069_10005211_12,-,ATPase_3,-,5.1e-17,58.8,all,3300032893_assembled_Ga0335069_10005211,ATPase
3300010885_assembled_Ga0133913_10009135_15,-,ATPase_3,-,5.2e-17,58.8,all,3300010885_assembled_Ga0133913_10009135,ATPase
3300010885_assembled_Ga0133913_10010443_6,-,ATPase_3,-,6.2e-17,58.6,all,3300010885_assembled_Ga0133913_10010443,ATPase
3300010334_assembled_Ga0136644_10000572_10,-,ATPase_3,-,6.4e-17,58.5,all,3300010334_assembled_Ga0136644_10000572,ATPase
3300013094_assembled_Ga0164297_10001420_22,-,ATPase_3,-,9e-17,58,all,3300013094_assembled_Ga0164297_10001420,ATPase
3300025736_assembled_Ga0207997_1001135_6,-,ATPase_3,-,1e-16,57.8,all,3300025736_assembled_Ga0207997_1001135,ATPase
3300002092_assembled_JGI24218J26658_1000290_25,-,ATPase_3,-,1.8e-16,57,all,3300002092_assembled_JGI24218J26658_1000290,ATPase
3300002091_assembled_JGI24028J26656_1000152_5,-,ATPase_3,-,1.8e-16,57,all,3300002091_assembled_JGI24028J26656_1000152,ATPase
3300018022_assembled_Ga0187864_10002390_7,-,ATPase_3,-,2.1e-16,56.8,all,3300018022_assembled_Ga0187864_10002390,ATPase
3300025646_assembled_Ga0208161_1000494_5,-,ATPase_3,-,4.4e-16,55.8,all,3300025646_assembled_Ga0208161_1000494,ATPase
3300002835_assembled_B570J40625_100006411_16,-,ATPase_3,-,6.2e-16,55.3,all,3300002835_assembled_B570J40625_100006411,ATPase
3300009151_assembled_Ga0114962_10000842_24,-,ATPase_3,-,8.4e-16,54.8,all,3300009151_assembled_Ga0114962_10000842,ATPase
3300014492_assembled_Ga0182013_10004328_17,-,ATPase_3,-,3.5e-15,52.8,all,3300014492_assembled_Ga0182013_10004328,ATPase
RCC970_016A_11,-,ATPase_4,-,1.1e-135,449.3,all,RCC970_016A,ATPase
Cflag_017B_10,-,ATPase_4,-,1.9e-135,448.5,all,Cflag_017B,ATPase
BVI_058_10,-,ATPase_4,-,8.8e-134,443,all,BVI_058,ATPase
E4-10_001_14,-,ATPase_4,-,7.9e-114,377.4,all,E4-10_001,ATPase
BVI_001A_6,-,ATPase_4,-,1.2e-91,304.4,all,BVI_001A,ATPase
HQ712116.1_15,-,ATPase_4,-,2e-88,293.9,all,HQ712116.1,ATPase
BVI_055B_8,-,ATPase_4,-,1e-41,140.3,all,BVI_055B,ATPase
3300025487_assembled_Ga0208105_1000377_12,-,ATPase_4,-,2.9e-40,135.5,all,3300025487_assembled_Ga0208105_1000377,ATPase
3300010885_assembled_Ga0133913_10007194_24,-,ATPase_4,-,1e-39,133.8,all,3300010885_assembled_Ga0133913_10007194,ATPase
3300006109_assembled_Ga0007870_1000162_11,-,ATPase_4,-,1.6e-37,126.5,all,3300006109_assembled_Ga0007870_1000162,ATPase
3300023174_assembled_Ga0214921_10004023_3,-,ATPase_4,-,1.8e-37,126.4,all,3300023174_assembled_Ga0214921_10004023,ATPase
3300007735_assembled_Ga0104988_10753_6,-,ATPase_4,-,4.8e-37,125,all,3300007735_assembled_Ga0104988_10753,ATPase
3300010885_assembled_Ga0133913_10012256_1,-,ATPase_4,-,9.6e-37,124,all,3300010885_assembled_Ga0133913_10012256,ATPase
3300009068_assembled_Ga0114973_10000749_7,-,ATPase_4,-,5.7e-36,121.5,all,3300009068_assembled_Ga0114973_10000749,ATPase
3300009151_assembled_Ga0114962_10000818_19,-,ATPase_4,-,1.2e-35,120.3,all,3300009151_assembled_Ga0114962_10000818,ATPase
3300027763_assembled_Ga0209088_10000481_11,-,ATPase_4,-,2.4e-35,119.4,all,3300027763_assembled_Ga0209088_10000481,ATPase
3300025838_assembled_Ga0208872_1000426_13,-,ATPase_4,-,2.5e-35,119.3,all,3300025838_assembled_Ga0208872_1000426,ATPase
3300009068_assembled_Ga0114973_10000639_6,-,ATPase_4,-,2.7e-35,119.2,all,3300009068_assembled_Ga0114973_10000639,ATPase
3300009184_assembled_Ga0114976_10000413_8,-,ATPase_4,-,3.2e-35,119,all,3300009184_assembled_Ga0114976_10000413,ATPase
3300009181_assembled_Ga0114969_10000735_13,-,ATPase_4,-,4.8e-35,118.4,all,3300009181_assembled_Ga0114969_10000735,ATPase
3300010885_assembled_Ga0133913_10027335_13,-,ATPase_4,-,6.9e-35,117.9,all,3300010885_assembled_Ga0133913_10027335,ATPase
3300010885_assembled_Ga0133913_10011015_17,-,ATPase_4,-,7.7e-35,117.7,all,3300010885_assembled_Ga0133913_10011015,ATPase
3300010158_assembled_Ga0114960_10000772_15,-,ATPase_4,-,2.3e-34,116.2,all,3300010158_assembled_Ga0114960_10000772,ATPase
3300010885_assembled_Ga0133913_10017077_2,-,ATPase_4,-,3.5e-34,115.6,all,3300010885_assembled_Ga0133913_10017077,ATPase
3300010885_assembled_Ga0133913_10009566_15,-,ATPase_4,-,5.9e-34,114.8,all,3300010885_assembled_Ga0133913_10009566,ATPase
3300009151_assembled_Ga0114962_10000842_24,-,ATPase_4,-,7.8e-34,114.4,all,3300009151_assembled_Ga0114962_10000842,ATPase
3300006916_assembled_Ga0070750_10000267_13,-,ATPase_4,-,8.8e-34,114.2,all,3300006916_assembled_Ga0070750_10000267,ATPase
3300009181_assembled_Ga0114969_10001288_25,-,ATPase_4,-,3e-33,112.5,all,3300009181_assembled_Ga0114969_10001288,ATPase
KJ854379.1_1,-,ATPase_4,-,4.1e-33,112,all,KJ854379.1,ATPase
3300010885_assembled_Ga0133913_10015411_11,-,ATPase_4,-,4.3e-33,112,all,3300010885_assembled_Ga0133913_10015411,ATPase
3300005747_assembled_Ga0076924_1015279_30,-,ATPase_4,-,9.9e-33,110.8,all,3300005747_assembled_Ga0076924_1015279,ATPase
3300027708_assembled_Ga0209188_1000973_24,-,ATPase_4,-,1.4e-32,110.3,all,3300027708_assembled_Ga0209188_1000973,ATPase
3300010885_assembled_Ga0133913_10009135_15,-,ATPase_4,-,1.4e-32,110.3,all,3300010885_assembled_Ga0133913_10009135,ATPase
3300010885_assembled_Ga0133913_10009934_7,-,ATPase_4,-,2.4e-32,109.5,all,3300010885_assembled_Ga0133913_10009934,ATPase
3300002835_assembled_B570J40625_100004419_20,-,ATPase_4,-,2.5e-32,109.5,all,3300002835_assembled_B570J40625_100004419,ATPase
OL828819.1_14,-,ATPase_4,-,2.5e-32,109.5,all,OL828819.1,ATPase
3300009163_assembled_Ga0114970_10000439_10,-,ATPase_4,-,3e-32,109.2,all,3300009163_assembled_Ga0114970_10000439,ATPase
3300013094_assembled_Ga0164297_10001420_22,-,ATPase_4,-,4.5e-32,108.6,all,3300013094_assembled_Ga0164297_10001420,ATPase
3300027769_assembled_Ga0209770_10000312_19,-,ATPase_4,-,4.9e-32,108.5,all,3300027769_assembled_Ga0209770_10000312,ATPase
3300025736_assembled_Ga0207997_1001135_6,-,ATPase_4,-,5.9e-32,108.2,all,3300025736_assembled_Ga0207997_1001135,ATPase
3300009183_assembled_Ga0114974_10000518_21,-,ATPase_4,-,6.4e-32,108.1,all,3300009183_assembled_Ga0114974_10000518,ATPase
3300005582_assembled_Ga0049080_10000091_2,-,ATPase_4,-,8.1e-32,107.8,all,3300005582_assembled_Ga0049080_10000091,ATPase
MG807318.2_4,-,ATPase_4,-,1e-31,107.5,all,MG807318.2,ATPase
3300010885_assembled_Ga0133913_10012712_3,-,ATPase_4,-,1.3e-31,107.1,all,3300010885_assembled_Ga0133913_10012712,ATPase
3300027973_assembled_Ga0209298_10000424_23,-,ATPase_4,-,1.9e-31,106.6,all,3300027973_assembled_Ga0209298_10000424,ATPase
3300010354_assembled_Ga0129333_10000799_11,-,ATPase_4,-,2.5e-31,106.2,all,3300010354_assembled_Ga0129333_10000799,ATPase
3300009684_assembled_Ga0114958_10000782_18,-,ATPase_4,-,2.9e-31,106,all,3300009684_assembled_Ga0114958_10000782,ATPase
3300002091_assembled_JGI24028J26656_1000152_5,-,ATPase_4,-,3.2e-31,105.8,all,3300002091_assembled_JGI24028J26656_1000152,ATPase
3300000439_assembled_TBL_comb48_EPIDRAFT_1001871_4,-,ATPase_4,-,3.9e-31,105.6,all,3300000439_assembled_TBL_comb48_EPIDRAFT_1001871,ATPase
JN603370.1_3,-,ATPase_4,-,7.8e-31,104.6,all,JN603370.1,ATPase
3300028413_assembled_Ga0306870_1000093_3,-,ATPase_4,-,8.3e-31,104.5,all,3300028413_assembled_Ga0306870_1000093,ATPase
3300007540_assembled_Ga0099847_1000087_6,-,ATPase_4,-,1.3e-30,103.9,all,3300007540_assembled_Ga0099847_1000087,ATPase
3300010885_assembled_Ga0133913_10008183_16,-,ATPase_4,-,1.4e-30,103.7,all,3300010885_assembled_Ga0133913_10008183,ATPase
3300010334_assembled_Ga0136644_10000572_10,-,ATPase_4,-,5.6e-30,101.7,all,3300010334_assembled_Ga0136644_10000572,ATPase
3300027777_assembled_Ga0209829_10000789_10,-,ATPase_4,-,5.8e-30,101.7,all,3300027777_assembled_Ga0209829_10000789,ATPase
3300009180_assembled_Ga0114979_10000767_10,-,ATPase_4,-,6.3e-30,101.6,all,3300009180_assembled_Ga0114979_10000767,ATPase
3300025401_assembled_Ga0207955_1000104_2,-,ATPase_4,-,1.3e-29,100.6,all,3300025401_assembled_Ga0207955_1000104,ATPase
3300010885_assembled_Ga0133913_10008424_15,-,ATPase_4,-,1.3e-29,100.6,all,3300010885_assembled_Ga0133913_10008424,ATPase
3300009183_assembled_Ga0114974_10001000_1,-,ATPase_4,-,1.8e-29,100.1,all,3300009183_assembled_Ga0114974_10001000,ATPase
3300007734_assembled_Ga0104986_1721_5,-,ATPase_4,-,4.3e-29,98.8,all,3300007734_assembled_Ga0104986_1721,ATPase
3300025646_assembled_Ga0208161_1000494_5,-,ATPase_4,-,1.2e-28,97.3,all,3300025646_assembled_Ga0208161_1000494,ATPase
3300010885_assembled_Ga0133913_10013167_23,-,ATPase_4,-,1.6e-28,97,all,3300010885_assembled_Ga0133913_10013167,ATPase
KC556925.1_1,-,ATPase_4,-,2.1e-28,96.6,all,KC556925.1,ATPase
3300009182_assembled_Ga0114959_10001102_27,-,ATPase_4,-,2.1e-28,96.6,all,3300009182_assembled_Ga0114959_10001102,ATPase
3300010885_assembled_Ga0133913_10010443_6,-,ATPase_4,-,3.6e-28,95.8,all,3300010885_assembled_Ga0133913_10010443,ATPase
3300009500_assembled_Ga0116229_10007006_21,-,ATPase_4,-,6.8e-28,94.9,all,3300009500_assembled_Ga0116229_10007006,ATPase
3300002092_assembled_JGI24218J26658_1000290_25,-,ATPase_4,-,1.8e-27,93.5,all,3300002092_assembled_JGI24218J26658_1000290,ATPase
3300010885_assembled_Ga0133913_10011061_27,-,ATPase_4,-,2.3e-27,93.1,all,3300010885_assembled_Ga0133913_10011061,ATPase
BVI_055B_7,-,ATPase_4,-,6.6e-27,91.7,all,BVI_055B,ATPase
3300006114_assembled_Ga0007815_1000154_23,-,ATPase_4,-,1.6e-26,90.4,all,3300006114_assembled_Ga0007815_1000154,ATPase
3300009154_assembled_Ga0114963_10000587_7,-,ATPase_4,-,4.8e-25,85.5,all,3300009154_assembled_Ga0114963_10000587,ATPase
3300014204_assembled_Ga0172381_10002270_22,-,ATPase_4,-,5.6e-25,85.3,all,3300014204_assembled_Ga0172381_10002270,ATPase
3300029911_assembled_Ga0311361_10011007_11,-,ATPase_4,-,7.3e-25,84.9,all,3300029911_assembled_Ga0311361_10011007,ATPase
3300009548_assembled_Ga0116107_1001113_11,-,ATPase_4,-,1.1e-24,84.3,all,3300009548_assembled_Ga0116107_1001113,ATPase
3300032893_assembled_Ga0335069_10005211_12,-,ATPase_4,-,1.5e-24,83.9,all,3300032893_assembled_Ga0335069_10005211,ATPase
3300017971_assembled_Ga0180438_10003911_17,-,ATPase_4,-,2.2e-24,83.4,all,3300017971_assembled_Ga0180438_10003911,ATPase
3300017963_assembled_Ga0180437_10003822_9,-,ATPase_4,-,3e-24,82.9,all,3300017963_assembled_Ga0180437_10003822,ATPase
3300007541_assembled_Ga0099848_1000221_11,-,ATPase_4,-,4.8e-24,82.2,all,3300007541_assembled_Ga0099848_1000221,ATPase
3300002835_assembled_B570J40625_100006411_16,-,ATPase_4,-,5.2e-24,82.1,all,3300002835_assembled_B570J40625_100006411,ATPase
3300027793_assembled_Ga0209972_10000880_7,-,ATPase_4,-,7.8e-24,81.5,all,3300027793_assembled_Ga0209972_10000880,ATPase
3300024254_assembled_Ga0247661_1000063_14,-,ATPase_4,-,1.1e-23,81.1,all,3300024254_assembled_Ga0247661_1000063,ATPase
3300032770_assembled_Ga0335085_10008907_6,-,ATPase_4,-,1.1e-23,81.1,all,3300032770_assembled_Ga0335085_10008907,ATPase
3300019487_assembled_Ga0187893_10009394_10,-,ATPase_4,-,3e-23,79.6,all,3300019487_assembled_Ga0187893_10009394,ATPase
3300010413_assembled_Ga0136851_10008908_8,-,ATPase_4,-,1e-22,77.9,all,3300010413_assembled_Ga0136851_10008908,ATPase
3300032665_assembled_Ga0316221_1001987_5,-,ATPase_4,-,1.1e-22,77.8,all,3300032665_assembled_Ga0316221_1001987,ATPase
3300021168_assembled_Ga0210406_10003258_18,-,ATPase_4,-,1.6e-22,77.2,all,3300021168_assembled_Ga0210406_10003258,ATPase
3300014492_assembled_Ga0182013_10004328_17,-,ATPase_4,-,2.4e-22,76.6,all,3300014492_assembled_Ga0182013_10004328,ATPase
3300010157_assembled_Ga0114964_10000880_4,-,ATPase_4,-,1.1e-21,74.4,all,3300010157_assembled_Ga0114964_10000880,ATPase
3300009151_assembled_Ga0114962_10001373_16,-,ATPase_4,-,1.6e-21,73.9,all,3300009151_assembled_Ga0114962_10001373,ATPase
3300035696_assembled_Ga0374055_0049619_3,-,ATPase_4,-,2.8e-21,73.2,all,3300035696_assembled_Ga0374055_0049619,ATPase
3300009160_assembled_Ga0114981_10001519_4,-,ATPase_4,-,4e-21,72.6,all,3300009160_assembled_Ga0114981_10001519,ATPase
3300009091_assembled_Ga0102851_10000522_14,-,ATPase_4,-,4.4e-21,72.5,all,3300009091_assembled_Ga0102851_10000522,ATPase
3300018022_assembled_Ga0187864_10002390_7,-,ATPase_4,-,7e-21,71.8,all,3300018022_assembled_Ga0187864_10002390,ATPase
3300009151_assembled_Ga0114962_10001691_7,-,ATPase_4,-,8e-21,71.6,all,3300009151_assembled_Ga0114962_10001691,ATPase
3300010885_assembled_Ga0133913_10013256_6,-,ATPase_4,-,9.1e-19,64.9,all,3300010885_assembled_Ga0133913_10013256,ATPase
3300005831_assembled_Ga0074471_10193221_20,-,ATPase_4,-,1.1e-17,61.3,all,3300005831_assembled_Ga0074471_10193221,ATPase
3300009085_assembled_Ga0105103_10000772_3,-,ATPase_4,-,7.8e-17,58.5,all,3300009085_assembled_Ga0105103_10000772,ATPase
3300002835_assembled_B570J40625_100005612_9,-,ATPase_4,-,8.5e-17,58.4,all,3300002835_assembled_B570J40625_100005612,ATPase
KM502591.1_1,-,ATPase_4,-,8.6e-17,58.4,all,KM502591.1,ATPase
3300021438_assembled_Ga0213920_1000796_9,-,ATPase_4,-,5.7e-16,55.7,all,3300021438_assembled_Ga0213920_1000796,ATPase
3300009111_assembled_Ga0115026_10000109_5,-,ATPase_4,-,4.2e-15,52.8,all,3300009111_assembled_Ga0115026_10000109,ATPase
3300017971_assembled_Ga0180438_10002894_25,-,ATPase_4,-,2e-14,50.6,all,3300017971_assembled_Ga0180438_10002894,ATPase
3300007540_assembled_Ga0099847_1000087_17,-,MCP_1,-,1.3e-211,701.3,all,3300007540_assembled_Ga0099847_1000087,MCP
3300010885_assembled_Ga0133913_10009135_7,-,MCP_1,-,1.4e-211,701.2,all,3300010885_assembled_Ga0133913_10009135,MCP
3300005582_assembled_Ga0049080_10000091_17,-,MCP_1,-,2.9e-211,700.2,all,3300005582_assembled_Ga0049080_10000091,MCP
3300006916_assembled_Ga0070750_10000267_4,-,MCP_1,-,1e-209,695.1,all,3300006916_assembled_Ga0070750_10000267,MCP
3300027793_assembled_Ga0209972_10000880_22,-,MCP_1,-,1.5e-205,681.3,all,3300027793_assembled_Ga0209972_10000880,MCP
KJ854379.1_18,-,MCP_1,-,1.9e-205,680.9,all,KJ854379.1,MCP
3300009180_assembled_Ga0114979_10000767_5,-,MCP_1,-,3e-203,673.7,all,3300009180_assembled_Ga0114979_10000767,MCP
3300010354_assembled_Ga0129333_10000799_16,-,MCP_1,-,1.2e-202,671.7,all,3300010354_assembled_Ga0129333_10000799,MCP
OL828819.1_19,-,MCP_1,-,3.3e-202,670.3,all,OL828819.1,MCP
3300010334_assembled_Ga0136644_10000572_31,-,MCP_1,-,6.3e-202,669.3,all,3300010334_assembled_Ga0136644_10000572,MCP
3300009181_assembled_Ga0114969_10001288_4,-,MCP_1,-,6.9e-202,669.2,all,3300009181_assembled_Ga0114969_10001288,MCP
3300005747_assembled_Ga0076924_1015279_11,-,MCP_1,-,8.4e-201,665.6,all,3300005747_assembled_Ga0076924_1015279,MCP
3300002835_assembled_B570J40625_100004419_14,-,MCP_1,-,1e-200,665.3,all,3300002835_assembled_B570J40625_100004419,MCP
3300010885_assembled_Ga0133913_10009566_22,-,MCP_1,-,4.1e-200,663.3,all,3300010885_assembled_Ga0133913_10009566,MCP
3300027708_assembled_Ga0209188_1000973_21,-,MCP_1,-,1.9e-199,661.2,all,3300027708_assembled_Ga0209188_1000973,MCP
3300027973_assembled_Ga0209298_10000424_9,-,MCP_1,-,9.6e-199,658.8,all,3300027973_assembled_Ga0209298_10000424,MCP
3300009500_assembled_Ga0116229_10007006_18,-,MCP_1,-,1.5e-198,658.2,all,3300009500_assembled_Ga0116229_10007006,MCP
3300010885_assembled_Ga0133913_10010443_8,-,MCP_1,-,1.1e-197,655.3,all,3300010885_assembled_Ga0133913_10010443,MCP
3300009163_assembled_Ga0114970_10000439_25,-,MCP_1,-,4.2e-194,643.5,all,3300009163_assembled_Ga0114970_10000439,MCP
3300009183_assembled_Ga0114974_10000518_25,-,MCP_1,-,2.2e-192,637.8,all,3300009183_assembled_Ga0114974_10000518,MCP
3300010885_assembled_Ga0133913_10015411_6,-,MCP_1,-,9e-191,632.5,all,3300010885_assembled_Ga0133913_10015411,MCP
3300010885_assembled_Ga0133913_10013167_20,-,MCP_1,-,1.6e-190,631.7,all,3300010885_assembled_Ga0133913_10013167,MCP
3300032770_assembled_Ga0335085_10008907_19,-,MCP_1,-,3.9e-190,630.4,all,3300032770_assembled_Ga0335085_10008907,MCP
3300023174_assembled_Ga0214921_10004023_19,-,MCP_1,-,8.3e-187,619.4,all,3300023174_assembled_Ga0214921_10004023,MCP
3300010885_assembled_Ga0133913_10009934_10,-,MCP_1,-,8.7e-181,599.5,all,3300010885_assembled_Ga0133913_10009934,MCP
3300009548_assembled_Ga0116107_1001113_14,-,MCP_1,-,2.7e-180,597.9,all,3300009548_assembled_Ga0116107_1001113,MCP
3300025401_assembled_Ga0207955_1000104_9,-,MCP_1,-,4.3e-180,597.2,all,3300025401_assembled_Ga0207955_1000104,MCP
3300019487_assembled_Ga0187893_10009394_18,-,MCP_1,-,7.4e-180,596.4,all,3300019487_assembled_Ga0187893_10009394,MCP
3300017963_assembled_Ga0180437_10003822_12,-,MCP_1,-,2.6e-177,588,all,3300017963_assembled_Ga0180437_10003822,MCP
3300025487_assembled_Ga0208105_1000377_1,-,MCP_1,-,2.1e-176,585,all,3300025487_assembled_Ga0208105_1000377,MCP
3300027769_assembled_Ga0209770_10000312_16,-,MCP_1,-,1.1e-174,579.3,all,3300027769_assembled_Ga0209770_10000312,MCP
3300009154_assembled_Ga0114963_10000587_15,-,MCP_1,-,2.2e-174,578.3,all,3300009154_assembled_Ga0114963_10000587,MCP
3300027777_assembled_Ga0209829_10000789_16,-,MCP_1,-,3.5e-174,577.7,all,3300027777_assembled_Ga0209829_10000789,MCP
3300017971_assembled_Ga0180438_10003911_13,-,MCP_1,-,2.8e-172,571.4,all,3300017971_assembled_Ga0180438_10003911,MCP
3300021168_assembled_Ga0210406_10003258_8,-,MCP_1,-,5.5e-172,570.4,all,3300021168_assembled_Ga0210406_10003258,MCP
JN603370.1_20,-,MCP_1,-,4e-171,567.6,all,JN603370.1,MCP
MG807318.2_12,-,MCP_1,-,6.5e-167,553.7,all,MG807318.2,MCP
3300014492_assembled_Ga0182013_10004328_13,-,MCP_1,-,2.2e-164,545.3,all,3300014492_assembled_Ga0182013_10004328,MCP
3300006114_assembled_Ga0007815_1000154_12,-,MCP_1,-,1.7e-163,542.4,all,3300006114_assembled_Ga0007815_1000154,MCP
3300024254_assembled_Ga0247661_1000063_8,-,MCP_1,-,2.9e-163,541.6,all,3300024254_assembled_Ga0247661_1000063,MCP
3300007734_assembled_Ga0104986_1721_23,-,MCP_1,-,3e-161,535,all,3300007734_assembled_Ga0104986_1721,MCP
3300009111_assembled_Ga0115026_10000109_6,-,MCP_1,-,2.8e-160,531.7,all,3300009111_assembled_Ga0115026_10000109,MCP
3300027769_assembled_Ga0209770_10000312_15,-,MCP_1,-,2.5e-158,525.3,all,3300027769_assembled_Ga0209770_10000312,MCP
3300000439_assembled_TBL_comb48_EPIDRAFT_1001871_13,-,MCP_1,-,1.5e-154,512.9,all,3300000439_assembled_TBL_comb48_EPIDRAFT_1001871,MCP
3300013094_assembled_Ga0164297_10001420_17,-,MCP_1,-,1.4e-149,496.4,all,3300013094_assembled_Ga0164297_10001420,MCP
3300029911_assembled_Ga0311361_10011007_2,-,MCP_1,-,2e-148,492.6,all,3300029911_assembled_Ga0311361_10011007,MCP
3300002092_assembled_JGI24218J26658_1000290_33,-,MCP_1,-,9.4e-147,487.1,all,3300002092_assembled_JGI24218J26658_1000290,MCP
3300007734_assembled_Ga0104986_1721_22,-,MCP_1,-,3.3e-144,478.7,all,3300007734_assembled_Ga0104986_1721,MCP
3300025646_assembled_Ga0208161_1000494_20,-,MCP_1,-,1.1e-143,477,all,3300025646_assembled_Ga0208161_1000494,MCP
3300009183_assembled_Ga0114974_10001000_14,-,MCP_1,-,9.3e-143,473.9,all,3300009183_assembled_Ga0114974_10001000,MCP
KC556925.1_13,-,MCP_1,-,3.1e-142,472.1,all,KC556925.1,MCP
3300010885_assembled_Ga0133913_10008424_3,-,MCP_1,-,1.6e-141,469.8,all,3300010885_assembled_Ga0133913_10008424,MCP
3300010885_assembled_Ga0133913_10013256_19,-,MCP_1,-,8.3e-141,467.4,all,3300010885_assembled_Ga0133913_10013256,MCP
3300009151_assembled_Ga0114962_10000818_11,-,MCP_1,-,1.1e-139,463.7,all,3300009151_assembled_Ga0114962_10000818,MCP
3300009068_assembled_Ga0114973_10000639_13,-,MCP_1,-,1.1e-139,463.7,all,3300009068_assembled_Ga0114973_10000639,MCP
3300025736_assembled_Ga0207997_1001135_10,-,MCP_1,-,1.6e-138,459.9,all,3300025736_assembled_Ga0207997_1001135,MCP
3300009068_assembled_Ga0114973_10000749_13,-,MCP_1,-,2.3e-138,459.4,all,3300009068_assembled_Ga0114973_10000749,MCP
3300010158_assembled_Ga0114960_10000772_23,-,MCP_1,-,3.3e-138,458.9,all,3300010158_assembled_Ga0114960_10000772,MCP
3300010885_assembled_Ga0133913_10012256_4,-,MCP_1,-,8.4e-138,457.5,all,3300010885_assembled_Ga0133913_10012256,MCP
3300007735_assembled_Ga0104988_10753_21,-,MCP_1,-,7.1e-137,454.4,all,3300007735_assembled_Ga0104988_10753,MCP
3300009184_assembled_Ga0114976_10000413_2,-,MCP_1,-,7.7e-137,454.3,all,3300009184_assembled_Ga0114976_10000413,MCP
3300006109_assembled_Ga0007870_1000162_16,-,MCP_1,-,3.8e-136,452.1,all,3300006109_assembled_Ga0007870_1000162,MCP
3300010885_assembled_Ga0133913_10008183_1,-,MCP_1,-,7.7e-136,451,all,3300010885_assembled_Ga0133913_10008183,MCP
3300032893_assembled_Ga0335069_10005211_21,-,MCP_1,-,8.7e-136,450.9,all,3300032893_assembled_Ga0335069_10005211,MCP
3300017971_assembled_Ga0180438_10002894_8,-,MCP_1,-,2.6e-135,449.3,all,3300017971_assembled_Ga0180438_10002894,MCP
3300002091_assembled_JGI24028J26656_1000152_13,-,MCP_1,-,7.4e-135,447.8,all,3300002091_assembled_JGI24028J26656_1000152,MCP
3300009091_assembled_Ga0102851_10000522_2,-,MCP_1,-,1.4e-134,446.9,all,3300009091_assembled_Ga0102851_10000522,MCP
3300010885_assembled_Ga0133913_10007194_15,-,MCP_1,-,2.1e-134,446.3,all,3300010885_assembled_Ga0133913_10007194,MCP
3300009684_assembled_Ga0114958_10000782_25,-,MCP_1,-,2.7e-134,445.9,all,3300009684_assembled_Ga0114958_10000782,MCP
3300027763_assembled_Ga0209088_10000481_6,-,MCP_1,-,5.5e-134,444.9,all,3300027763_assembled_Ga0209088_10000481,MCP
3300025838_assembled_Ga0208872_1000426_5,-,MCP_1,-,3.7e-132,438.9,all,3300025838_assembled_Ga0208872_1000426,MCP
3300009181_assembled_Ga0114969_10000735_6,-,MCP_1,-,5.1e-131,435.1,all,3300009181_assembled_Ga0114969_10000735,MCP
3300021438_assembled_Ga0213920_1000796_16,-,MCP_1,-,1.4e-129,430.4,all,3300021438_assembled_Ga0213920_1000796,MCP
3300007541_assembled_Ga0099848_1000221_17,-,MCP_1,-,1.6e-129,430.2,all,3300007541_assembled_Ga0099848_1000221,MCP
3300032665_assembled_Ga0316221_1001987_1,-,MCP_1,-,2.3e-128,426.3,all,3300032665_assembled_Ga0316221_1001987,MCP
3300010885_assembled_Ga0133913_10011015_6,-,MCP_1,-,9.6e-128,424.3,all,3300010885_assembled_Ga0133913_10011015,MCP
3300035696_assembled_Ga0374055_0049619_20,-,MCP_1,-,2e-126,420,all,3300035696_assembled_Ga0374055_0049619,MCP
3300028413_assembled_Ga0306870_1000093_9,-,MCP_1,-,1.6e-124,413.6,all,3300028413_assembled_Ga0306870_1000093,MCP
3300010885_assembled_Ga0133913_10017077_19,-,MCP_1,-,1.8e-120,400.3,all,3300010885_assembled_Ga0133913_10017077,MCP
3300009151_assembled_Ga0114962_10001691_9,-,MCP_1,-,1.7e-114,380.6,all,3300009151_assembled_Ga0114962_10001691,MCP
3300009182_assembled_Ga0114959_10001102_9,-,MCP_1,-,3.4e-112,372.9,all,3300009182_assembled_Ga0114959_10001102,MCP
3300002835_assembled_B570J40625_100005612_17,-,MCP_1,-,5.7e-108,359,all,3300002835_assembled_B570J40625_100005612,MCP
3300018022_assembled_Ga0187864_10002390_17,-,MCP_1,-,6.4e-107,355.5,all,3300018022_assembled_Ga0187864_10002390,MCP
KM502591.1_19,-,MCP_1,-,3.3e-97,323.4,all,KM502591.1,MCP
3300014204_assembled_Ga0172381_10002270_24,-,MCP_1,-,2.6e-96,320.5,all,3300014204_assembled_Ga0172381_10002270,MCP
3300009151_assembled_Ga0114962_10001373_20,-,MCP_1,-,4.9e-94,313,all,3300009151_assembled_Ga0114962_10001373,MCP
3300010413_assembled_Ga0136851_10008908_2,-,MCP_1,-,3.4e-93,310.2,all,3300010413_assembled_Ga0136851_10008908,MCP
3300010885_assembled_Ga0133913_10012712_4,-,MCP_1,-,6.2e-92,306,all,3300010885_assembled_Ga0133913_10012712,MCP
3300027749_assembled_Ga0209084_1000714_21,-,MCP_1,-,6.6e-92,305.9,all,3300027749_assembled_Ga0209084_1000714,MCP
3300009160_assembled_Ga0114981_10001519_6,-,MCP_1,-,4.9e-89,296.4,all,3300009160_assembled_Ga0114981_10001519,MCP
3300010885_assembled_Ga0133913_10011061_25,-,MCP_1,-,1.3e-82,275.2,all,3300010885_assembled_Ga0133913_10011061,MCP
3300009151_assembled_Ga0114962_10000842_12,-,MCP_1,-,7.5e-71,236.4,all,3300009151_assembled_Ga0114962_10000842,MCP
3300018022_assembled_Ga0187864_10002390_1,-,MCP_1,-,7.2e-62,206.7,all,3300018022_assembled_Ga0187864_10002390,MCP
3300002835_assembled_B570J40625_100006411_3,-,MCP_1,-,1.1e-61,206.1,all,3300002835_assembled_B570J40625_100006411,MCP
3300005831_assembled_Ga0074471_10193221_21,-,MCP_1,-,4e-61,204.2,all,3300005831_assembled_Ga0074471_10193221,MCP
3300010157_assembled_Ga0114964_10000880_15,-,MCP_1,-,3.3e-57,191.3,all,3300010157_assembled_Ga0114964_10000880,MCP
3300009085_assembled_Ga0105103_10000772_2,-,MCP_1,-,1.2e-56,189.5,all,3300009085_assembled_Ga0105103_10000772,MCP
3300009151_assembled_Ga0114962_10000842_13,-,MCP_1,-,2.2e-56,188.6,all,3300009151_assembled_Ga0114962_10000842,MCP
3300010413_assembled_Ga0136851_10008908_3,-,MCP_1,-,2.4e-54,181.9,all,3300010413_assembled_Ga0136851_10008908,MCP
Cflag_017B_11,-,MCP_1,-,2.9e-48,161.8,all,Cflag_017B,MCP
3300010885_assembled_Ga0133913_10027335_6,-,MCP_1,-,1.3e-47,159.6,all,3300010885_assembled_Ga0133913_10027335,MCP
3300032665_assembled_Ga0316221_1001987_23,-,MCP_1,-,1.5e-43,146.2,all,3300032665_assembled_Ga0316221_1001987,MCP
RCC970_016A_6,-,MCP_1,-,5.1e-38,127.9,all,RCC970_016A,MCP
HQ712116.1_18,-,MCP_1,-,1.2e-37,126.7,all,HQ712116.1,MCP
BVI_055B_3,-,MCP_1,-,1.8e-37,126.1,all,BVI_055B,MCP
BVI_001A_3,-,MCP_1,-,6.4e-33,111.1,all,BVI_001A,MCP
BVI_058_13,-,MCP_1,-,6.6e-32,107.7,all,BVI_058,MCP
E4-10_001_11,-,MCP_1,-,1.3e-24,83.6,all,E4-10_001,MCP
3300032893_assembled_Ga0335069_10005211_22,-,MCP_1,-,1.6e-21,73.4,all,3300032893_assembled_Ga0335069_10005211,MCP
3300035696_assembled_Ga0374055_0049619_19,-,MCP_1,-,2.8e-21,72.6,all,3300035696_assembled_Ga0374055_0049619,MCP
3300010885_assembled_Ga0133913_10027335_7,-,MCP_1,-,5.4e-20,68.4,all,3300010885_assembled_Ga0133913_10027335,MCP
3300009182_assembled_Ga0114959_10001102_10,-,MCP_1,-,1.9e-17,60,all,3300009182_assembled_Ga0114959_10001102,MCP
3300010158_assembled_Ga0114960_10000772_23,-,MCP_2,-,1.5e-254,843.1,all,3300010158_assembled_Ga0114960_10000772,MCP
3300009068_assembled_Ga0114973_10000749_13,-,MCP_2,-,1.1e-253,840.2,all,3300009068_assembled_Ga0114973_10000749,MCP
3300009068_assembled_Ga0114973_10000639_13,-,MCP_2,-,1.2e-253,840.1,all,3300009068_assembled_Ga0114973_10000639,MCP
3300009151_assembled_Ga0114962_10000818_11,-,MCP_2,-,8.5e-251,830.6,all,3300009151_assembled_Ga0114962_10000818,MCP
3300010885_assembled_Ga0133913_10012256_4,-,MCP_2,-,2.3e-250,829.2,all,3300010885_assembled_Ga0133913_10012256,MCP
3300009181_assembled_Ga0114969_10000735_6,-,MCP_2,-,1.2e-249,826.9,all,3300009181_assembled_Ga0114969_10000735,MCP
3300010885_assembled_Ga0133913_10008424_3,-,MCP_2,-,7.9e-249,824.1,all,3300010885_assembled_Ga0133913_10008424,MCP
3300006109_assembled_Ga0007870_1000162_16,-,MCP_2,-,2.5e-247,819.2,all,3300006109_assembled_Ga0007870_1000162,MCP
3300027763_assembled_Ga0209088_10000481_6,-,MCP_2,-,6.6e-247,817.8,all,3300027763_assembled_Ga0209088_10000481,MCP
3300009184_assembled_Ga0114976_10000413_2,-,MCP_2,-,1.2e-245,813.6,all,3300009184_assembled_Ga0114976_10000413,MCP
3300010885_assembled_Ga0133913_10008183_1,-,MCP_2,-,8.7e-244,807.5,all,3300010885_assembled_Ga0133913_10008183,MCP
3300025838_assembled_Ga0208872_1000426_5,-,MCP_2,-,2.1e-243,806.2,all,3300025838_assembled_Ga0208872_1000426,MCP
3300002091_assembled_JGI24028J26656_1000152_13,-,MCP_2,-,4.9e-243,805,all,3300002091_assembled_JGI24028J26656_1000152,MCP
3300009684_assembled_Ga0114958_10000782_25,-,MCP_2,-,2.4e-237,786.2,all,3300009684_assembled_Ga0114958_10000782,MCP
3300010885_assembled_Ga0133913_10007194_15,-,MCP_2,-,3e-228,756.2,all,3300010885_assembled_Ga0133913_10007194,MCP
3300007735_assembled_Ga0104988_10753_21,-,MCP_2,-,8.4e-220,728.3,all,3300007735_assembled_Ga0104988_10753,MCP
3300010885_assembled_Ga0133913_10011015_6,-,MCP_2,-,1.2e-210,698.1,all,3300010885_assembled_Ga0133913_10011015,MCP
3300010885_assembled_Ga0133913_10017077_19,-,MCP_2,-,3.4e-197,653.6,all,3300010885_assembled_Ga0133913_10017077,MCP
3300027749_assembled_Ga0209084_1000714_21,-,MCP_2,-,1.1e-179,595.9,all,3300027749_assembled_Ga0209084_1000714,MCP
3300010885_assembled_Ga0133913_10009135_7,-,MCP_2,-,3e-142,472.2,all,3300010885_assembled_Ga0133913_10009135,MCP
3300010885_assembled_Ga0133913_10010443_8,-,MCP_2,-,3.3e-135,448.9,all,3300010885_assembled_Ga0133913_10010443,MCP
3300009180_assembled_Ga0114979_10000767_5,-,MCP_2,-,1.1e-134,447.2,all,3300009180_assembled_Ga0114979_10000767,MCP
3300010334_assembled_Ga0136644_10000572_31,-,MCP_2,-,1.2e-133,443.8,all,3300010334_assembled_Ga0136644_10000572,MCP
3300027708_assembled_Ga0209188_1000973_21,-,MCP_2,-,3e-132,439.1,all,3300027708_assembled_Ga0209188_1000973,MCP
3300027793_assembled_Ga0209972_10000880_22,-,MCP_2,-,3.6e-130,432.3,all,3300027793_assembled_Ga0209972_10000880,MCP
3300010354_assembled_Ga0129333_10000799_16,-,MCP_2,-,8.6e-127,421.1,all,3300010354_assembled_Ga0129333_10000799,MCP
3300002835_assembled_B570J40625_100004419_14,-,MCP_2,-,6e-124,411.7,all,3300002835_assembled_B570J40625_100004419,MCP
3300009163_assembled_Ga0114970_10000439_25,-,MCP_2,-,6e-123,408.4,all,3300009163_assembled_Ga0114970_10000439,MCP
3300009151_assembled_Ga0114962_10000842_12,-,MCP_2,-,7.3e-123,408.1,all,3300009151_assembled_Ga0114962_10000842,MCP
OL828819.1_19,-,MCP_2,-,1.7e-122,406.9,all,OL828819.1,MCP
3300027973_assembled_Ga0209298_10000424_9,-,MCP_2,-,4.2e-118,392.4,all,3300027973_assembled_Ga0209298_10000424,MCP
3300010885_assembled_Ga0133913_10009566_22,-,MCP_2,-,5.4e-118,392.1,all,3300010885_assembled_Ga0133913_10009566,MCP
3300010885_assembled_Ga0133913_10013167_20,-,MCP_2,-,9.7e-118,391.2,all,3300010885_assembled_Ga0133913_10013167,MCP
3300007540_assembled_Ga0099847_1000087_17,-,MCP_2,-,1.8e-117,390.3,all,3300007540_assembled_Ga0099847_1000087,MCP
3300009183_assembled_Ga0114974_10000518_25,-,MCP_2,-,3.8e-117,389.3,all,3300009183_assembled_Ga0114974_10000518,MCP
3300005582_assembled_Ga0049080_10000091_17,-,MCP_2,-,7.9e-117,388.2,all,3300005582_assembled_Ga0049080_10000091,MCP
3300010885_assembled_Ga0133913_10015411_6,-,MCP_2,-,1.6e-114,380.6,all,3300010885_assembled_Ga0133913_10015411,MCP
KJ854379.1_18,-,MCP_2,-,2e-114,380.3,all,KJ854379.1,MCP
3300006916_assembled_Ga0070750_10000267_4,-,MCP_2,-,3.6e-114,379.4,all,3300006916_assembled_Ga0070750_10000267,MCP
3300009181_assembled_Ga0114969_10001288_4,-,MCP_2,-,7.6e-114,378.4,all,3300009181_assembled_Ga0114969_10001288,MCP
3300007734_assembled_Ga0104986_1721_23,-,MCP_2,-,1.2e-111,371.1,all,3300007734_assembled_Ga0104986_1721,MCP
3300027769_assembled_Ga0209770_10000312_16,-,MCP_2,-,2.2e-110,366.9,all,3300027769_assembled_Ga0209770_10000312,MCP
3300005747_assembled_Ga0076924_1015279_11,-,MCP_2,-,3.5e-108,359.7,all,3300005747_assembled_Ga0076924_1015279,MCP
3300007734_assembled_Ga0104986_1721_22,-,MCP_2,-,8.9e-108,358.3,all,3300007734_assembled_Ga0104986_1721,MCP
3300009151_assembled_Ga0114962_10000842_13,-,MCP_2,-,4.9e-107,355.9,all,3300009151_assembled_Ga0114962_10000842,MCP
3300025401_assembled_Ga0207955_1000104_9,-,MCP_2,-,2.7e-106,353.4,all,3300025401_assembled_Ga0207955_1000104,MCP
3300010885_assembled_Ga0133913_10009934_10,-,MCP_2,-,9.3e-103,341.7,all,3300010885_assembled_Ga0133913_10009934,MCP
3300009500_assembled_Ga0116229_10007006_18,-,MCP_2,-,7.6e-102,338.7,all,3300009500_assembled_Ga0116229_10007006,MCP
3300027777_assembled_Ga0209829_10000789_16,-,MCP_2,-,1.1e-101,338.2,all,3300027777_assembled_Ga0209829_10000789,MCP
3300025487_assembled_Ga0208105_1000377_1,-,MCP_2,-,1.2e-101,338.1,all,3300025487_assembled_Ga0208105_1000377,MCP
3300023174_assembled_Ga0214921_10004023_19,-,MCP_2,-,1.9e-101,337.4,all,3300023174_assembled_Ga0214921_10004023,MCP
3300009154_assembled_Ga0114963_10000587_15,-,MCP_2,-,1.2e-98,328.2,all,3300009154_assembled_Ga0114963_10000587,MCP
3300027769_assembled_Ga0209770_10000312_15,-,MCP_2,-,4.5e-92,306.5,all,3300027769_assembled_Ga0209770_10000312,MCP
3300014492_assembled_Ga0182013_10004328_13,-,MCP_2,-,1.5e-90,301.4,all,3300014492_assembled_Ga0182013_10004328,MCP
KC556925.1_13,-,MCP_2,-,8.1e-89,295.7,all,KC556925.1,MCP
3300006114_assembled_Ga0007815_1000154_12,-,MCP_2,-,4.4e-88,293.3,all,3300006114_assembled_Ga0007815_1000154,MCP
3300009183_assembled_Ga0114974_10001000_14,-,MCP_2,-,2.1e-87,291,all,3300009183_assembled_Ga0114974_10001000,MCP
JN603370.1_20,-,MCP_2,-,4.4e-87,290,all,JN603370.1,MCP
3300017971_assembled_Ga0180438_10003911_13,-,MCP_2,-,3.1e-86,287.2,all,3300017971_assembled_Ga0180438_10003911,MCP
MG807318.2_12,-,MCP_2,-,1.3e-85,285.1,all,MG807318.2,MCP
3300017963_assembled_Ga0180437_10003822_12,-,MCP_2,-,5.6e-85,283,all,3300017963_assembled_Ga0180437_10003822,MCP
3300013094_assembled_Ga0164297_10001420_17,-,MCP_2,-,7.1e-85,282.7,all,3300013094_assembled_Ga0164297_10001420,MCP
3300019487_assembled_Ga0187893_10009394_18,-,MCP_2,-,2.3e-84,281,all,3300019487_assembled_Ga0187893_10009394,MCP
3300032770_assembled_Ga0335085_10008907_19,-,MCP_2,-,5.4e-84,279.8,all,3300032770_assembled_Ga0335085_10008907,MCP
3300009548_assembled_Ga0116107_1001113_14,-,MCP_2,-,2.2e-80,267.9,all,3300009548_assembled_Ga0116107_1001113,MCP
3300029911_assembled_Ga0311361_10011007_2,-,MCP_2,-,8.4e-80,265.9,all,3300029911_assembled_Ga0311361_10011007,MCP
3300024254_assembled_Ga0247661_1000063_8,-,MCP_2,-,4.6e-78,260.2,all,3300024254_assembled_Ga0247661_1000063,MCP
3300032665_assembled_Ga0316221_1001987_1,-,MCP_2,-,8.7e-78,259.3,all,3300032665_assembled_Ga0316221_1001987,MCP
3300009111_assembled_Ga0115026_10000109_6,-,MCP_2,-,9.3e-78,259.2,all,3300009111_assembled_Ga0115026_10000109,MCP
3300021168_assembled_Ga0210406_10003258_8,-,MCP_2,-,1.9e-76,254.9,all,3300021168_assembled_Ga0210406_10003258,MCP
3300002092_assembled_JGI24218J26658_1000290_33,-,MCP_2,-,1.4e-75,252,all,3300002092_assembled_JGI24218J26658_1000290,MCP
3300028413_assembled_Ga0306870_1000093_9,-,MCP_2,-,3.6e-73,244,all,3300028413_assembled_Ga0306870_1000093,MCP
3300025646_assembled_Ga0208161_1000494_20,-,MCP_2,-,1e-71,239.2,all,3300025646_assembled_Ga0208161_1000494,MCP
3300002835_assembled_B570J40625_100005612_17,-,MCP_2,-,4.7e-68,227.1,all,3300002835_assembled_B570J40625_100005612,MCP
3300010885_assembled_Ga0133913_10013256_19,-,MCP_2,-,4.1e-67,224,all,3300010885_assembled_Ga0133913_10013256,MCP
3300009091_assembled_Ga0102851_10000522_2,-,MCP_2,-,5.1e-66,220.4,all,3300009091_assembled_Ga0102851_10000522,MCP
3300000439_assembled_TBL_comb48_EPIDRAFT_1001871_13,-,MCP_2,-,7.6e-66,219.8,all,3300000439_assembled_TBL_comb48_EPIDRAFT_1001871,MCP
3300025736_assembled_Ga0207997_1001135_10,-,MCP_2,-,2.2e-65,218.3,all,3300025736_assembled_Ga0207997_1001135,MCP
3300017971_assembled_Ga0180438_10002894_8,-,MCP_2,-,2.4e-64,214.9,all,3300017971_assembled_Ga0180438_10002894,MCP
3300032893_assembled_Ga0335069_10005211_21,-,MCP_2,-,1.1e-62,209.4,all,3300032893_assembled_Ga0335069_10005211,MCP
3300009182_assembled_Ga0114959_10001102_9,-,MCP_2,-,9.7e-59,196.4,all,3300009182_assembled_Ga0114959_10001102,MCP
3300007541_assembled_Ga0099848_1000221_17,-,MCP_2,-,8.7e-58,193.2,all,3300007541_assembled_Ga0099848_1000221,MCP
3300009151_assembled_Ga0114962_10001691_9,-,MCP_2,-,2.7e-57,191.6,all,3300009151_assembled_Ga0114962_10001691,MCP
3300010885_assembled_Ga0133913_10027335_6,-,MCP_2,-,3.6e-57,191.2,all,3300010885_assembled_Ga0133913_10027335,MCP
3300035696_assembled_Ga0374055_0049619_20,-,MCP_2,-,5e-57,190.7,all,3300035696_assembled_Ga0374055_0049619,MCP
3300021438_assembled_Ga0213920_1000796_16,-,MCP_2,-,1.6e-54,182.5,all,3300021438_assembled_Ga0213920_1000796,MCP
3300018022_assembled_Ga0187864_10002390_17,-,MCP_2,-,3e-49,165,all,3300018022_assembled_Ga0187864_10002390,MCP
KM502591.1_19,-,MCP_2,-,6.7e-42,140.8,all,KM502591.1,MCP
3300009151_assembled_Ga0114962_10001373_20,-,MCP_2,-,1.9e-41,139.2,all,3300009151_assembled_Ga0114962_10001373,MCP
3300009160_assembled_Ga0114981_10001519_6,-,MCP_2,-,9.6e-41,136.9,all,3300009160_assembled_Ga0114981_10001519,MCP
3300014204_assembled_Ga0172381_10002270_24,-,MCP_2,-,1.4e-40,136.4,all,3300014204_assembled_Ga0172381_10002270,MCP
3300010413_assembled_Ga0136851_10008908_2,-,MCP_2,-,5.1e-37,124.7,all,3300010413_assembled_Ga0136851_10008908,MCP
3300010885_assembled_Ga0133913_10027335_7,-,MCP_2,-,1.6e-35,119.7,all,3300010885_assembled_Ga0133913_10027335,MCP
3300010885_assembled_Ga0133913_10012712_4,-,MCP_2,-,2.3e-35,119.2,all,3300010885_assembled_Ga0133913_10012712,MCP
3300010413_assembled_Ga0136851_10008908_3,-,MCP_2,-,1.8e-33,112.9,all,3300010413_assembled_Ga0136851_10008908,MCP
3300010885_assembled_Ga0133913_10011061_25,-,MCP_2,-,3.1e-33,112.1,all,3300010885_assembled_Ga0133913_10011061,MCP
3300032665_assembled_Ga0316221_1001987_23,-,MCP_2,-,1.2e-29,100.3,all,3300032665_assembled_Ga0316221_1001987,MCP
3300018022_assembled_Ga0187864_10002390_1,-,MCP_2,-,1.5e-25,86.7,all,3300018022_assembled_Ga0187864_10002390,MCP
3300005831_assembled_Ga0074471_10193221_21,-,MCP_2,-,1.7e-22,76.7,all,3300005831_assembled_Ga0074471_10193221,MCP
3300002835_assembled_B570J40625_100006411_3,-,MCP_2,-,2.4e-19,66.3,all,3300002835_assembled_B570J40625_100006411,MCP
Cflag_017B_11,-,MCP_2,-,3.2e-19,65.9,all,Cflag_017B,MCP
3300009085_assembled_Ga0105103_10000772_2,-,MCP_2,-,8.3e-19,64.5,all,3300009085_assembled_Ga0105103_10000772,MCP
JN603370.1_20,-,MCP_3,-,3.5e-40,135.2,all,JN603370.1,MCP
3300010885_assembled_Ga0133913_10009135_7,-,MCP_3,-,4.6e-40,134.8,all,3300010885_assembled_Ga0133913_10009135,MCP
MG807318.2_12,-,MCP_3,-,8.1e-39,130.7,all,MG807318.2,MCP
3300010885_assembled_Ga0133913_10011061_25,-,MCP_3,-,6.2e-38,127.7,all,3300010885_assembled_Ga0133913_10011061,MCP
3300009163_assembled_Ga0114970_10000439_25,-,MCP_3,-,1.2e-37,126.8,all,3300009163_assembled_Ga0114970_10000439,MCP
3300009091_assembled_Ga0102851_10000522_2,-,MCP_3,-,1.6e-37,126.4,all,3300009091_assembled_Ga0102851_10000522,MCP
3300010354_assembled_Ga0129333_10000799_16,-,MCP_3,-,2.8e-37,125.6,all,3300010354_assembled_Ga0129333_10000799,MCP
3300027708_assembled_Ga0209188_1000973_21,-,MCP_3,-,7.5e-37,124.2,all,3300027708_assembled_Ga0209188_1000973,MCP
3300029911_assembled_Ga0311361_10011007_2,-,MCP_3,-,1.4e-36,123.3,all,3300029911_assembled_Ga0311361_10011007,MCP
3300009500_assembled_Ga0116229_10007006_18,-,MCP_3,-,4.4e-36,121.6,all,3300009500_assembled_Ga0116229_10007006,MCP
3300009180_assembled_Ga0114979_10000767_5,-,MCP_3,-,1.6e-35,119.7,all,3300009180_assembled_Ga0114979_10000767,MCP
OL828819.1_19,-,MCP_3,-,1.7e-35,119.7,all,OL828819.1,MCP
3300027769_assembled_Ga0209770_10000312_16,-,MCP_3,-,5.1e-35,118.1,all,3300027769_assembled_Ga0209770_10000312,MCP
3300024254_assembled_Ga0247661_1000063_8,-,MCP_3,-,4.1e-34,115.1,all,3300024254_assembled_Ga0247661_1000063,MCP
3300000439_assembled_TBL_comb48_EPIDRAFT_1001871_13,-,MCP_3,-,3.7e-33,112,all,3300000439_assembled_TBL_comb48_EPIDRAFT_1001871,MCP
3300002835_assembled_B570J40625_100004419_14,-,MCP_3,-,3.8e-33,111.9,all,3300002835_assembled_B570J40625_100004419,MCP
3300010885_assembled_Ga0133913_10015411_6,-,MCP_3,-,6.1e-33,111.2,all,3300010885_assembled_Ga0133913_10015411,MCP
3300013094_assembled_Ga0164297_10001420_17,-,MCP_3,-,1e-32,110.5,all,3300013094_assembled_Ga0164297_10001420,MCP
3300009548_assembled_Ga0116107_1001113_14,-,MCP_3,-,1.6e-32,109.9,all,3300009548_assembled_Ga0116107_1001113,MCP
3300032770_assembled_Ga0335085_10008907_19,-,MCP_3,-,2.3e-32,109.4,all,3300032770_assembled_Ga0335085_10008907,MCP
3300010885_assembled_Ga0133913_10010443_8,-,MCP_3,-,4.3e-32,108.4,all,3300010885_assembled_Ga0133913_10010443,MCP
3300010885_assembled_Ga0133913_10008183_1,-,MCP_3,-,7.6e-32,107.6,all,3300010885_assembled_Ga0133913_10008183,MCP
3300027973_assembled_Ga0209298_10000424_9,-,MCP_3,-,1.1e-31,107.1,all,3300027973_assembled_Ga0209298_10000424,MCP
3300010885_assembled_Ga0133913_10007194_15,-,MCP_3,-,1.1e-31,107.1,all,3300010885_assembled_Ga0133913_10007194,MCP
3300027793_assembled_Ga0209972_10000880_22,-,MCP_3,-,1.9e-31,106.3,all,3300027793_assembled_Ga0209972_10000880,MCP
3300002091_assembled_JGI24028J26656_1000152_13,-,MCP_3,-,9.5e-31,104,all,3300002091_assembled_JGI24028J26656_1000152,MCP
KC556925.1_13,-,MCP_3,-,1.6e-30,103.3,all,KC556925.1,MCP
3300007734_assembled_Ga0104986_1721_23,-,MCP_3,-,1.1e-29,100.5,all,3300007734_assembled_Ga0104986_1721,MCP
3300025646_assembled_Ga0208161_1000494_20,-,MCP_3,-,1.8e-29,99.8,all,3300025646_assembled_Ga0208161_1000494,MCP
3300010885_assembled_Ga0133913_10008424_3,-,MCP_3,-,2.3e-29,99.4,all,3300010885_assembled_Ga0133913_10008424,MCP
3300021168_assembled_Ga0210406_10003258_8,-,MCP_3,-,5.6e-29,98.1,all,3300021168_assembled_Ga0210406_10003258,MCP
3300009183_assembled_Ga0114974_10001000_14,-,MCP_3,-,1.4e-28,96.8,all,3300009183_assembled_Ga0114974_10001000,MCP
3300027769_assembled_Ga0209770_10000312_15,-,MCP_3,-,2e-28,96.3,all,3300027769_assembled_Ga0209770_10000312,MCP
3300035696_assembled_Ga0374055_0049619_20,-,MCP_3,-,4e-28,95.3,all,3300035696_assembled_Ga0374055_0049619,MCP
3300009181_assembled_Ga0114969_10001288_4,-,MCP_3,-,6.8e-28,94.6,all,3300009181_assembled_Ga0114969_10001288,MCP
KJ854379.1_18,-,MCP_3,-,1.2e-27,93.8,all,KJ854379.1,MCP
3300006916_assembled_Ga0070750_10000267_4,-,MCP_3,-,3e-27,92.4,all,3300006916_assembled_Ga0070750_10000267,MCP
3300010885_assembled_Ga0133913_10009566_22,-,MCP_3,-,4.9e-27,91.7,all,3300010885_assembled_Ga0133913_10009566,MCP
3300025401_assembled_Ga0207955_1000104_9,-,MCP_3,-,5.5e-27,91.6,all,3300025401_assembled_Ga0207955_1000104,MCP
3300010885_assembled_Ga0133913_10009934_10,-,MCP_3,-,9.7e-27,90.7,all,3300010885_assembled_Ga0133913_10009934,MCP
3300009183_assembled_Ga0114974_10000518_25,-,MCP_3,-,1.2e-26,90.5,all,3300009183_assembled_Ga0114974_10000518,MCP
3300025838_assembled_Ga0208872_1000426_5,-,MCP_3,-,1.9e-26,89.8,all,3300025838_assembled_Ga0208872_1000426,MCP
3300005582_assembled_Ga0049080_10000091_17,-,MCP_3,-,2.3e-26,89.5,all,3300005582_assembled_Ga0049080_10000091,MCP
3300017963_assembled_Ga0180437_10003822_12,-,MCP_3,-,4e-26,88.7,all,3300017963_assembled_Ga0180437_10003822,MCP
3300025736_assembled_Ga0207997_1001135_10,-,MCP_3,-,6.3e-26,88.1,all,3300025736_assembled_Ga0207997_1001135,MCP
3300009154_assembled_Ga0114963_10000587_15,-,MCP_3,-,1.4e-25,86.9,all,3300009154_assembled_Ga0114963_10000587,MCP
3300010885_assembled_Ga0133913_10013167_20,-,MCP_3,-,2.6e-25,86,all,3300010885_assembled_Ga0133913_10013167,MCP
3300005747_assembled_Ga0076924_1015279_11,-,MCP_3,-,3.2e-25,85.7,all,3300005747_assembled_Ga0076924_1015279,MCP
3300006109_assembled_Ga0007870_1000162_16,-,MCP_3,-,4e-25,85.4,all,3300006109_assembled_Ga0007870_1000162,MCP
3300021438_assembled_Ga0213920_1000796_16,-,MCP_3,-,7.4e-25,84.5,all,3300021438_assembled_Ga0213920_1000796,MCP
3300017971_assembled_Ga0180438_10003911_13,-,MCP_3,-,5.1e-24,81.7,all,3300017971_assembled_Ga0180438_10003911,MCP
3300019487_assembled_Ga0187893_10009394_18,-,MCP_3,-,6.3e-24,81.5,all,3300019487_assembled_Ga0187893_10009394,MCP
3300010334_assembled_Ga0136644_10000572_31,-,MCP_3,-,6.6e-24,81.4,all,3300010334_assembled_Ga0136644_10000572,MCP
3300009684_assembled_Ga0114958_10000782_25,-,MCP_3,-,7.1e-24,81.3,all,3300009684_assembled_Ga0114958_10000782,MCP
3300010885_assembled_Ga0133913_10011015_6,-,MCP_3,-,8.8e-24,81,all,3300010885_assembled_Ga0133913_10011015,MCP
3300014492_assembled_Ga0182013_10004328_13,-,MCP_3,-,1.3e-23,80.4,all,3300014492_assembled_Ga0182013_10004328,MCP
3300007735_assembled_Ga0104988_10753_21,-,MCP_3,-,4.6e-23,78.6,all,3300007735_assembled_Ga0104988_10753,MCP
3300028413_assembled_Ga0306870_1000093_9,-,MCP_3,-,8.9e-23,77.7,all,3300028413_assembled_Ga0306870_1000093,MCP
3300009184_assembled_Ga0114976_10000413_2,-,MCP_3,-,9.1e-23,77.6,all,3300009184_assembled_Ga0114976_10000413,MCP
3300010885_assembled_Ga0133913_10013256_19,-,MCP_3,-,1.1e-22,77.4,all,3300010885_assembled_Ga0133913_10013256,MCP
3300007541_assembled_Ga0099848_1000221_17,-,MCP_3,-,1.2e-22,77.2,all,3300007541_assembled_Ga0099848_1000221,MCP
3300017971_assembled_Ga0180438_10002894_8,-,MCP_3,-,1.3e-22,77.1,all,3300017971_assembled_Ga0180438_10002894,MCP
3300010885_assembled_Ga0133913_10012712_4,-,MCP_3,-,1.7e-22,76.7,all,3300010885_assembled_Ga0133913_10012712,MCP
3300027763_assembled_Ga0209088_10000481_6,-,MCP_3,-,2.2e-22,76.4,all,3300027763_assembled_Ga0209088_10000481,MCP
3300009068_assembled_Ga0114973_10000749_13,-,MCP_3,-,2.6e-22,76.1,all,3300009068_assembled_Ga0114973_10000749,MCP
3300018022_assembled_Ga0187864_10002390_17,-,MCP_3,-,5.4e-22,75.1,all,3300018022_assembled_Ga0187864_10002390,MCP
3300032893_assembled_Ga0335069_10005211_21,-,MCP_3,-,8.1e-22,74.5,all,3300032893_assembled_Ga0335069_10005211,MCP
3300009068_assembled_Ga0114973_10000639_13,-,MCP_3,-,9.4e-22,74.3,all,3300009068_assembled_Ga0114973_10000639,MCP
3300009181_assembled_Ga0114969_10000735_6,-,MCP_3,-,1.6e-21,73.5,all,3300009181_assembled_Ga0114969_10000735,MCP
3300025487_assembled_Ga0208105_1000377_1,-,MCP_3,-,9.1e-21,71,all,3300025487_assembled_Ga0208105_1000377,MCP
KM502591.1_19,-,MCP_3,-,1.4e-20,70.4,all,KM502591.1,MCP
3300009151_assembled_Ga0114962_10001691_9,-,MCP_3,-,1.6e-20,70.2,all,3300009151_assembled_Ga0114962_10001691,MCP
3300023174_assembled_Ga0214921_10004023_19,-,MCP_3,-,2.4e-20,69.6,all,3300023174_assembled_Ga0214921_10004023,MCP
3300009085_assembled_Ga0105103_10000772_2,-,MCP_3,-,2.6e-20,69.5,all,3300009085_assembled_Ga0105103_10000772,MCP
3300009111_assembled_Ga0115026_10000109_6,-,MCP_3,-,4.8e-20,68.6,all,3300009111_assembled_Ga0115026_10000109,MCP
3300010158_assembled_Ga0114960_10000772_23,-,MCP_3,-,2.7e-19,66.1,all,3300010158_assembled_Ga0114960_10000772,MCP
3300002835_assembled_B570J40625_100005612_17,-,MCP_3,-,6.7e-19,64.8,all,3300002835_assembled_B570J40625_100005612,MCP
3300010885_assembled_Ga0133913_10012256_4,-,MCP_3,-,1.2e-18,64,all,3300010885_assembled_Ga0133913_10012256,MCP
3300010413_assembled_Ga0136851_10008908_2,-,MCP_3,-,2e-18,63.3,all,3300010413_assembled_Ga0136851_10008908,MCP
3300002835_assembled_B570J40625_100006411_3,-,MCP_3,-,2.1e-18,63.2,all,3300002835_assembled_B570J40625_100006411,MCP
3300009151_assembled_Ga0114962_10001373_20,-,MCP_3,-,3.7e-18,62.4,all,3300009151_assembled_Ga0114962_10001373,MCP
3300005831_assembled_Ga0074471_10193221_21,-,MCP_3,-,7.2e-18,61.4,all,3300005831_assembled_Ga0074471_10193221,MCP
3300007540_assembled_Ga0099847_1000087_17,-,MCP_3,-,7.4e-18,61.4,all,3300007540_assembled_Ga0099847_1000087,MCP
3300010413_assembled_Ga0136851_10008908_3,-,MCP_3,-,1.3e-17,60.6,all,3300010413_assembled_Ga0136851_10008908,MCP
3300010885_assembled_Ga0133913_10017077_19,-,MCP_3,-,1.5e-16,57,all,3300010885_assembled_Ga0133913_10017077,MCP
Cflag_017B_11,-,MCP_3,-,4.1e-16,55.6,all,Cflag_017B,MCP
3300009151_assembled_Ga0114962_10000818_11,-,MCP_3,-,5.2e-16,55.3,all,3300009151_assembled_Ga0114962_10000818,MCP
3300007734_assembled_Ga0104986_1721_22,-,MCP_3,-,6.3e-16,55,all,3300007734_assembled_Ga0104986_1721,MCP
3300027777_assembled_Ga0209829_10000789_16,-,MCP_3,-,1.8e-15,53.5,all,3300027777_assembled_Ga0209829_10000789,MCP
3300009151_assembled_Ga0114962_10000842_12,-,MCP_3,-,3.3e-15,52.7,all,3300009151_assembled_Ga0114962_10000842,MCP
HQ712116.1_18,-,MCP_4,-,8.2e-231,764.6,all,HQ712116.1,MCP
BVI_055B_3,-,MCP_4,-,1e-230,764.3,all,BVI_055B,MCP
Cflag_017B_11,-,MCP_4,-,3.2e-229,759.4,all,Cflag_017B,MCP
RCC970_016A_6,-,MCP_4,-,1.6e-212,704.3,all,RCC970_016A,MCP
BVI_001A_3,-,MCP_4,-,1.7e-138,459.8,all,BVI_001A,MCP
E4-10_001_11,-,MCP_4,-,6.1e-105,349,all,E4-10_001,MCP
BVI_058_13,-,MCP_4,-,1.6e-104,347.6,all,BVI_058,MCP
JN603370.1_20,-,MCP_4,-,4.6e-37,124.9,all,JN603370.1,MCP
3300009091_assembled_Ga0102851_10000522_2,-,MCP_4,-,5.1e-37,124.8,all,3300009091_assembled_Ga0102851_10000522,MCP
MG807318.2_12,-,MCP_4,-,1.5e-34,116.6,all,MG807318.2,MCP
3300009180_assembled_Ga0114979_10000767_5,-,MCP_4,-,1.7e-34,116.4,all,3300009180_assembled_Ga0114979_10000767,MCP
3300009500_assembled_Ga0116229_10007006_18,-,MCP_4,-,2.3e-33,112.7,all,3300009500_assembled_Ga0116229_10007006,MCP
3300017971_assembled_Ga0180438_10003911_13,-,MCP_4,-,1.7e-31,106.5,all,3300017971_assembled_Ga0180438_10003911,MCP
3300019487_assembled_Ga0187893_10009394_18,-,MCP_4,-,3.1e-31,105.7,all,3300019487_assembled_Ga0187893_10009394,MCP
3300017963_assembled_Ga0180437_10003822_12,-,MCP_4,-,7.1e-31,104.5,all,3300017963_assembled_Ga0180437_10003822,MCP
KM502591.1_19,-,MCP_4,-,9.2e-31,104.1,all,KM502591.1,MCP
3300005582_assembled_Ga0049080_10000091_17,-,MCP_4,-,1.1e-29,100.6,all,3300005582_assembled_Ga0049080_10000091,MCP
3300010885_assembled_Ga0133913_10015411_6,-,MCP_4,-,1.3e-29,100.3,all,3300010885_assembled_Ga0133913_10015411,MCP
3300010885_assembled_Ga0133913_10013256_19,-,MCP_4,-,2.9e-29,99.1,all,3300010885_assembled_Ga0133913_10013256,MCP
3300027793_assembled_Ga0209972_10000880_22,-,MCP_4,-,8.5e-29,97.6,all,3300027793_assembled_Ga0209972_10000880,MCP
3300009160_assembled_Ga0114981_10001519_6,-,MCP_4,-,1.8e-28,96.6,all,3300009160_assembled_Ga0114981_10001519,MCP
OL828819.1_19,-,MCP_4,-,2e-28,96.4,all,OL828819.1,MCP
3300010885_assembled_Ga0133913_10009135_7,-,MCP_4,-,2.3e-28,96.2,all,3300010885_assembled_Ga0133913_10009135,MCP
3300027769_assembled_Ga0209770_10000312_16,-,MCP_4,-,2.5e-28,96.1,all,3300027769_assembled_Ga0209770_10000312,MCP
KJ854379.1_18,-,MCP_4,-,3.8e-28,95.5,all,KJ854379.1,MCP
3300025646_assembled_Ga0208161_1000494_20,-,MCP_4,-,4.9e-28,95.1,all,3300025646_assembled_Ga0208161_1000494,MCP
3300027708_assembled_Ga0209188_1000973_21,-,MCP_4,-,5.3e-28,95,all,3300027708_assembled_Ga0209188_1000973,MCP
3300023174_assembled_Ga0214921_10004023_19,-,MCP_4,-,8.7e-27,91,all,3300023174_assembled_Ga0214921_10004023,MCP
3300029911_assembled_Ga0311361_10011007_2,-,MCP_4,-,1.6e-26,90.1,all,3300029911_assembled_Ga0311361_10011007,MCP
3300009151_assembled_Ga0114962_10000818_11,-,MCP_4,-,1.6e-26,90,all,3300009151_assembled_Ga0114962_10000818,MCP
3300010885_assembled_Ga0133913_10007194_15,-,MCP_4,-,2.3e-26,89.6,all,3300010885_assembled_Ga0133913_10007194,MCP
3300009068_assembled_Ga0114973_10000749_13,-,MCP_4,-,4.6e-26,88.6,all,3300009068_assembled_Ga0114973_10000749,MCP
3300009068_assembled_Ga0114973_10000639_13,-,MCP_4,-,7.7e-26,87.8,all,3300009068_assembled_Ga0114973_10000639,MCP
3300027777_assembled_Ga0209829_10000789_16,-,MCP_4,-,1.1e-25,87.3,all,3300027777_assembled_Ga0209829_10000789,MCP
3300007541_assembled_Ga0099848_1000221_17,-,MCP_4,-,1.6e-25,86.8,all,3300007541_assembled_Ga0099848_1000221,MCP
3300014204_assembled_Ga0172381_10002270_24,-,MCP_4,-,2.3e-25,86.3,all,3300014204_assembled_Ga0172381_10002270,MCP
3300010158_assembled_Ga0114960_10000772_23,-,MCP_4,-,2.7e-25,86,all,3300010158_assembled_Ga0114960_10000772,MCP
3300010885_assembled_Ga0133913_10009566_22,-,MCP_4,-,3.5e-25,85.6,all,3300010885_assembled_Ga0133913_10009566,MCP
3300010885_assembled_Ga0133913_10010443_8,-,MCP_4,-,6.7e-25,84.7,all,3300010885_assembled_Ga0133913_10010443,MCP
3300032770_assembled_Ga0335085_10008907_19,-,MCP_4,-,8e-25,84.5,all,3300032770_assembled_Ga0335085_10008907,MCP
3300006916_assembled_Ga0070750_10000267_4,-,MCP_4,-,9.7e-25,84.2,all,3300006916_assembled_Ga0070750_10000267,MCP
3300009181_assembled_Ga0114969_10001288_4,-,MCP_4,-,1.1e-24,84,all,3300009181_assembled_Ga0114969_10001288,MCP
3300005747_assembled_Ga0076924_1015279_11,-,MCP_4,-,1.7e-24,83.4,all,3300005747_assembled_Ga0076924_1015279,MCP
3300010885_assembled_Ga0133913_10009934_10,-,MCP_4,-,2.5e-24,82.9,all,3300010885_assembled_Ga0133913_10009934,MCP
3300007735_assembled_Ga0104988_10753_21,-,MCP_4,-,3.8e-24,82.3,all,3300007735_assembled_Ga0104988_10753,MCP
3300028413_assembled_Ga0306870_1000093_9,-,MCP_4,-,4.4e-24,82,all,3300028413_assembled_Ga0306870_1000093,MCP
3300010334_assembled_Ga0136644_10000572_31,-,MCP_4,-,6.2e-24,81.5,all,3300010334_assembled_Ga0136644_10000572,MCP
3300035696_assembled_Ga0374055_0049619_20,-,MCP_4,-,6.7e-24,81.4,all,3300035696_assembled_Ga0374055_0049619,MCP
3300009183_assembled_Ga0114974_10001000_14,-,MCP_4,-,6.9e-24,81.4,all,3300009183_assembled_Ga0114974_10001000,MCP
3300027769_assembled_Ga0209770_10000312_15,-,MCP_4,-,1.2e-23,80.6,all,3300027769_assembled_Ga0209770_10000312,MCP
3300002835_assembled_B570J40625_100004419_14,-,MCP_4,-,1.2e-23,80.6,all,3300002835_assembled_B570J40625_100004419,MCP
3300009548_assembled_Ga0116107_1001113_14,-,MCP_4,-,2.7e-23,79.4,all,3300009548_assembled_Ga0116107_1001113,MCP
3300009183_assembled_Ga0114974_10000518_25,-,MCP_4,-,2.7e-23,79.4,all,3300009183_assembled_Ga0114974_10000518,MCP
3300018022_assembled_Ga0187864_10002390_17,-,MCP_4,-,3.8e-23,79,all,3300018022_assembled_Ga0187864_10002390,MCP
3300007540_assembled_Ga0099847_1000087_17,-,MCP_4,-,3.8e-23,78.9,all,3300007540_assembled_Ga0099847_1000087,MCP
3300009151_assembled_Ga0114962_10001691_9,-,MCP_4,-,3.9e-23,78.9,all,3300009151_assembled_Ga0114962_10001691,MCP
3300010885_assembled_Ga0133913_10008424_3,-,MCP_4,-,4.9e-23,78.6,all,3300010885_assembled_Ga0133913_10008424,MCP
3300027973_assembled_Ga0209298_10000424_9,-,MCP_4,-,5.8e-23,78.3,all,3300027973_assembled_Ga0209298_10000424,MCP
3300025736_assembled_Ga0207997_1001135_10,-,MCP_4,-,5.8e-23,78.3,all,3300025736_assembled_Ga0207997_1001135,MCP
3300010354_assembled_Ga0129333_10000799_16,-,MCP_4,-,5.8e-23,78.3,all,3300010354_assembled_Ga0129333_10000799,MCP
3300000439_assembled_TBL_comb48_EPIDRAFT_1001871_13,-,MCP_4,-,8.3e-23,77.8,all,3300000439_assembled_TBL_comb48_EPIDRAFT_1001871,MCP
3300025487_assembled_Ga0208105_1000377_1,-,MCP_4,-,1.1e-22,77.4,all,3300025487_assembled_Ga0208105_1000377,MCP
3300009181_assembled_Ga0114969_10000735_6,-,MCP_4,-,1.3e-22,77.2,all,3300009181_assembled_Ga0114969_10000735,MCP
3300010885_assembled_Ga0133913_10012256_4,-,MCP_4,-,1.4e-22,77,all,3300010885_assembled_Ga0133913_10012256,MCP
3300005831_assembled_Ga0074471_10193221_21,-,MCP_4,-,2.2e-22,76.4,all,3300005831_assembled_Ga0074471_10193221,MCP
3300013094_assembled_Ga0164297_10001420_17,-,MCP_4,-,1.1e-21,74.1,all,3300013094_assembled_Ga0164297_10001420,MCP
3300002835_assembled_B570J40625_100005612_17,-,MCP_4,-,1.3e-21,73.9,all,3300002835_assembled_B570J40625_100005612,MCP
3300010885_assembled_Ga0133913_10008183_1,-,MCP_4,-,2.3e-21,73.1,all,3300010885_assembled_Ga0133913_10008183,MCP
3300021168_assembled_Ga0210406_10003258_8,-,MCP_4,-,2.4e-21,73,all,3300021168_assembled_Ga0210406_10003258,MCP
3300010885_assembled_Ga0133913_10011015_6,-,MCP_4,-,3.9e-21,72.3,all,3300010885_assembled_Ga0133913_10011015,MCP
3300009085_assembled_Ga0105103_10000772_2,-,MCP_4,-,1.3e-20,70.5,all,3300009085_assembled_Ga0105103_10000772,MCP
3300010885_assembled_Ga0133913_10012712_4,-,MCP_4,-,2.3e-20,69.8,all,3300010885_assembled_Ga0133913_10012712,MCP
3300014492_assembled_Ga0182013_10004328_13,-,MCP_4,-,3.2e-20,69.3,all,3300014492_assembled_Ga0182013_10004328,MCP
3300010885_assembled_Ga0133913_10013167_20,-,MCP_4,-,3.5e-20,69.2,all,3300010885_assembled_Ga0133913_10013167,MCP
3300017971_assembled_Ga0180438_10002894_8,-,MCP_4,-,3.6e-20,69.1,all,3300017971_assembled_Ga0180438_10002894,MCP
3300009154_assembled_Ga0114963_10000587_15,-,MCP_4,-,4.6e-20,68.8,all,3300009154_assembled_Ga0114963_10000587,MCP
3300010885_assembled_Ga0133913_10017077_19,-,MCP_4,-,5.5e-20,68.5,all,3300010885_assembled_Ga0133913_10017077,MCP
3300006109_assembled_Ga0007870_1000162_16,-,MCP_4,-,9.9e-20,67.7,all,3300006109_assembled_Ga0007870_1000162,MCP
3300025401_assembled_Ga0207955_1000104_9,-,MCP_4,-,1.5e-19,67.1,all,3300025401_assembled_Ga0207955_1000104,MCP
3300009163_assembled_Ga0114970_10000439_25,-,MCP_4,-,2.2e-19,66.5,all,3300009163_assembled_Ga0114970_10000439,MCP
KC556925.1_13,-,MCP_4,-,2.5e-19,66.3,all,KC556925.1,MCP
3300010885_assembled_Ga0133913_10027335_6,-,MCP_4,-,3.3e-19,65.9,all,3300010885_assembled_Ga0133913_10027335,MCP
3300024254_assembled_Ga0247661_1000063_8,-,MCP_4,-,3.3e-19,65.9,all,3300024254_assembled_Ga0247661_1000063,MCP
3300032893_assembled_Ga0335069_10005211_21,-,MCP_4,-,8.5e-19,64.6,all,3300032893_assembled_Ga0335069_10005211,MCP
3300021438_assembled_Ga0213920_1000796_16,-,MCP_4,-,1.4e-18,63.9,all,3300021438_assembled_Ga0213920_1000796,MCP
3300009184_assembled_Ga0114976_10000413_2,-,MCP_4,-,8.1e-18,61.3,all,3300009184_assembled_Ga0114976_10000413,MCP
3300027763_assembled_Ga0209088_10000481_6,-,MCP_4,-,2.8e-17,59.6,all,3300027763_assembled_Ga0209088_10000481,MCP
3300025838_assembled_Ga0208872_1000426_5,-,MCP_4,-,6.5e-17,58.4,all,3300025838_assembled_Ga0208872_1000426,MCP
3300009684_assembled_Ga0114958_10000782_25,-,MCP_4,-,1.3e-16,57.4,all,3300009684_assembled_Ga0114958_10000782,MCP
3300002092_assembled_JGI24218J26658_1000290_33,-,MCP_4,-,3.4e-16,56,all,3300002092_assembled_JGI24218J26658_1000290,MCP
3300007734_assembled_Ga0104986_1721_23,-,MCP_4,-,8.2e-16,54.7,all,3300007734_assembled_Ga0104986_1721,MCP
3300009151_assembled_Ga0114962_10000842_12,-,MCP_4,-,1.3e-15,54,all,3300009151_assembled_Ga0114962_10000842,MCP
3300009111_assembled_Ga0115026_10000109_6,-,MCP_4,-,1.9e-15,53.5,all,3300009111_assembled_Ga0115026_10000109,MCP
3300006114_assembled_Ga0007815_1000154_12,-,MCP_4,-,6.3e-15,51.8,all,3300006114_assembled_Ga0007815_1000154,MCP
3300032665_assembled_Ga0316221_1001987_1,-,MCP_4,-,1.2e-14,50.9,all,3300032665_assembled_Ga0316221_1001987,MCP
3300009500_assembled_Ga0116229_10007006_18,-,MCP_5,-,1.1e-56,189.4,all,3300009500_assembled_Ga0116229_10007006,MCP
3300027793_assembled_Ga0209972_10000880_22,-,MCP_5,-,1.1e-51,172.9,all,3300027793_assembled_Ga0209972_10000880,MCP
3300032770_assembled_Ga0335085_10008907_19,-,MCP_5,-,4e-50,167.7,all,3300032770_assembled_Ga0335085_10008907,MCP
3300017963_assembled_Ga0180437_10003822_12,-,MCP_5,-,6.3e-50,167.1,all,3300017963_assembled_Ga0180437_10003822,MCP
3300025736_assembled_Ga0207997_1001135_10,-,MCP_5,-,2.4e-48,161.9,all,3300025736_assembled_Ga0207997_1001135,MCP
3300009151_assembled_Ga0114962_10001691_9,-,MCP_5,-,4.1e-47,157.8,all,3300009151_assembled_Ga0114962_10001691,MCP
3300010885_assembled_Ga0133913_10010443_8,-,MCP_5,-,4.2e-47,157.8,all,3300010885_assembled_Ga0133913_10010443,MCP
3300009151_assembled_Ga0114962_10000818_11,-,MCP_5,-,5.8e-47,157.3,all,3300009151_assembled_Ga0114962_10000818,MCP
3300009180_assembled_Ga0114979_10000767_5,-,MCP_5,-,6e-47,157.3,all,3300009180_assembled_Ga0114979_10000767,MCP
KJ854379.1_18,-,MCP_5,-,1.1e-46,156.4,all,KJ854379.1,MCP
3300027769_assembled_Ga0209770_10000312_16,-,MCP_5,-,1.6e-46,155.8,all,3300027769_assembled_Ga0209770_10000312,MCP
3300010885_assembled_Ga0133913_10009135_7,-,MCP_5,-,1.8e-46,155.7,all,3300010885_assembled_Ga0133913_10009135,MCP
JN603370.1_20,-,MCP_5,-,1.9e-46,155.6,all,JN603370.1,MCP
3300014492_assembled_Ga0182013_10004328_13,-,MCP_5,-,2.1e-45,152.2,all,3300014492_assembled_Ga0182013_10004328,MCP
3300009068_assembled_Ga0114973_10000749_13,-,MCP_5,-,3.8e-45,151.3,all,3300009068_assembled_Ga0114973_10000749,MCP
3300017971_assembled_Ga0180438_10003911_13,-,MCP_5,-,3.9e-45,151.3,all,3300017971_assembled_Ga0180438_10003911,MCP
3300019487_assembled_Ga0187893_10009394_18,-,MCP_5,-,8.3e-45,150.2,all,3300019487_assembled_Ga0187893_10009394,MCP
3300009068_assembled_Ga0114973_10000639_13,-,MCP_5,-,8.5e-45,150.2,all,3300009068_assembled_Ga0114973_10000639,MCP
MG807318.2_12,-,MCP_5,-,1.7e-44,149.2,all,MG807318.2,MCP
3300009181_assembled_Ga0114969_10001288_4,-,MCP_5,-,1.6e-43,145.9,all,3300009181_assembled_Ga0114969_10001288,MCP
3300009091_assembled_Ga0102851_10000522_2,-,MCP_5,-,2.3e-43,145.5,all,3300009091_assembled_Ga0102851_10000522,MCP
3300010158_assembled_Ga0114960_10000772_23,-,MCP_5,-,3.5e-43,144.8,all,3300010158_assembled_Ga0114960_10000772,MCP
3300010885_assembled_Ga0133913_10015411_6,-,MCP_5,-,4.8e-43,144.4,all,3300010885_assembled_Ga0133913_10015411,MCP
3300009154_assembled_Ga0114963_10000587_15,-,MCP_5,-,5.2e-43,144.2,all,3300009154_assembled_Ga0114963_10000587,MCP
3300010885_assembled_Ga0133913_10009566_22,-,MCP_5,-,5.9e-43,144.1,all,3300010885_assembled_Ga0133913_10009566,MCP
3300027769_assembled_Ga0209770_10000312_15,-,MCP_5,-,6.7e-43,143.9,all,3300027769_assembled_Ga0209770_10000312,MCP
OL828819.1_19,-,MCP_5,-,3.1e-42,141.7,all,OL828819.1,MCP
3300007540_assembled_Ga0099847_1000087_17,-,MCP_5,-,4.1e-42,141.3,all,3300007540_assembled_Ga0099847_1000087,MCP
3300027708_assembled_Ga0209188_1000973_21,-,MCP_5,-,4.1e-41,138,all,3300027708_assembled_Ga0209188_1000973,MCP
3300035696_assembled_Ga0374055_0049619_20,-,MCP_5,-,1.3e-40,136.4,all,3300035696_assembled_Ga0374055_0049619,MCP
3300025838_assembled_Ga0208872_1000426_5,-,MCP_5,-,9.7e-40,133.5,all,3300025838_assembled_Ga0208872_1000426,MCP
3300023174_assembled_Ga0214921_10004023_19,-,MCP_5,-,1.4e-39,132.9,all,3300023174_assembled_Ga0214921_10004023,MCP
3300000439_assembled_TBL_comb48_EPIDRAFT_1001871_13,-,MCP_5,-,1.7e-39,132.6,all,3300000439_assembled_TBL_comb48_EPIDRAFT_1001871,MCP
3300010354_assembled_Ga0129333_10000799_16,-,MCP_5,-,4.1e-39,131.4,all,3300010354_assembled_Ga0129333_10000799,MCP
3300006916_assembled_Ga0070750_10000267_4,-,MCP_5,-,1.3e-38,129.8,all,3300006916_assembled_Ga0070750_10000267,MCP
3300005582_assembled_Ga0049080_10000091_17,-,MCP_5,-,1.3e-38,129.7,all,3300005582_assembled_Ga0049080_10000091,MCP
3300010885_assembled_Ga0133913_10009934_10,-,MCP_5,-,1.9e-38,129.2,all,3300010885_assembled_Ga0133913_10009934,MCP
3300002835_assembled_B570J40625_100004419_14,-,MCP_5,-,3.4e-38,128.4,all,3300002835_assembled_B570J40625_100004419,MCP
3300029911_assembled_Ga0311361_10011007_2,-,MCP_5,-,6.6e-38,127.4,all,3300029911_assembled_Ga0311361_10011007,MCP
3300007735_assembled_Ga0104988_10753_21,-,MCP_5,-,1.5e-37,126.2,all,3300007735_assembled_Ga0104988_10753,MCP
3300010334_assembled_Ga0136644_10000572_31,-,MCP_5,-,2.2e-37,125.7,all,3300010334_assembled_Ga0136644_10000572,MCP
3300010885_assembled_Ga0133913_10008424_3,-,MCP_5,-,2.9e-37,125.3,all,3300010885_assembled_Ga0133913_10008424,MCP
3300027777_assembled_Ga0209829_10000789_16,-,MCP_5,-,3.7e-37,125,all,3300027777_assembled_Ga0209829_10000789,MCP
3300017971_assembled_Ga0180438_10002894_8,-,MCP_5,-,4.9e-37,124.5,all,3300017971_assembled_Ga0180438_10002894,MCP
3300013094_assembled_Ga0164297_10001420_17,-,MCP_5,-,6e-37,124.2,all,3300013094_assembled_Ga0164297_10001420,MCP
3300028413_assembled_Ga0306870_1000093_9,-,MCP_5,-,7.2e-37,124,all,3300028413_assembled_Ga0306870_1000093,MCP
3300009163_assembled_Ga0114970_10000439_25,-,MCP_5,-,1.2e-36,123.3,all,3300009163_assembled_Ga0114970_10000439,MCP
3300021168_assembled_Ga0210406_10003258_8,-,MCP_5,-,2e-36,122.5,all,3300021168_assembled_Ga0210406_10003258,MCP
3300009548_assembled_Ga0116107_1001113_14,-,MCP_5,-,2.5e-36,122.2,all,3300009548_assembled_Ga0116107_1001113,MCP
3300021438_assembled_Ga0213920_1000796_16,-,MCP_5,-,1e-35,120.2,all,3300021438_assembled_Ga0213920_1000796,MCP
3300010885_assembled_Ga0133913_10012256_4,-,MCP_5,-,2.4e-35,119,all,3300010885_assembled_Ga0133913_10012256,MCP
3300009111_assembled_Ga0115026_10000109_6,-,MCP_5,-,2.7e-35,118.8,all,3300009111_assembled_Ga0115026_10000109,MCP
KC556925.1_13,-,MCP_5,-,2.8e-35,118.7,all,KC556925.1,MCP
3300009183_assembled_Ga0114974_10000518_25,-,MCP_5,-,6.8e-35,117.5,all,3300009183_assembled_Ga0114974_10000518,MCP
3300010885_assembled_Ga0133913_10013167_20,-,MCP_5,-,7.4e-35,117.3,all,3300010885_assembled_Ga0133913_10013167,MCP
3300010885_assembled_Ga0133913_10007194_15,-,MCP_5,-,7.8e-35,117.3,all,3300010885_assembled_Ga0133913_10007194,MCP
3300009181_assembled_Ga0114969_10000735_6,-,MCP_5,-,9.9e-35,116.9,all,3300009181_assembled_Ga0114969_10000735,MCP
3300006109_assembled_Ga0007870_1000162_16,-,MCP_5,-,1.4e-34,116.4,all,3300006109_assembled_Ga0007870_1000162,MCP
3300006114_assembled_Ga0007815_1000154_12,-,MCP_5,-,2.4e-34,115.7,all,3300006114_assembled_Ga0007815_1000154,MCP
3300002091_assembled_JGI24028J26656_1000152_13,-,MCP_5,-,2.8e-34,115.4,all,3300002091_assembled_JGI24028J26656_1000152,MCP
3300025646_assembled_Ga0208161_1000494_20,-,MCP_5,-,5.7e-34,114.4,all,3300025646_assembled_Ga0208161_1000494,MCP
3300010885_assembled_Ga0133913_10008183_1,-,MCP_5,-,9.7e-34,113.7,all,3300010885_assembled_Ga0133913_10008183,MCP
3300010885_assembled_Ga0133913_10017077_19,-,MCP_5,-,1.1e-33,113.4,all,3300010885_assembled_Ga0133913_10017077,MCP
3300009183_assembled_Ga0114974_10001000_14,-,MCP_5,-,1.2e-32,110.1,all,3300009183_assembled_Ga0114974_10001000,MCP
3300010885_assembled_Ga0133913_10011015_6,-,MCP_5,-,1.7e-32,109.5,all,3300010885_assembled_Ga0133913_10011015,MCP
3300024254_assembled_Ga0247661_1000063_8,-,MCP_5,-,3.6e-32,108.5,all,3300024254_assembled_Ga0247661_1000063,MCP
3300027973_assembled_Ga0209298_10000424_9,-,MCP_5,-,3.2e-31,105.3,all,3300027973_assembled_Ga0209298_10000424,MCP
3300009684_assembled_Ga0114958_10000782_25,-,MCP_5,-,2.2e-30,102.6,all,3300009684_assembled_Ga0114958_10000782,MCP
3300007734_assembled_Ga0104986_1721_23,-,MCP_5,-,2.4e-30,102.5,all,3300007734_assembled_Ga0104986_1721,MCP
3300010885_assembled_Ga0133913_10013256_19,-,MCP_5,-,3.5e-30,101.9,all,3300010885_assembled_Ga0133913_10013256,MCP
3300010413_assembled_Ga0136851_10008908_2,-,MCP_5,-,3.1e-29,98.8,all,3300010413_assembled_Ga0136851_10008908,MCP
3300005747_assembled_Ga0076924_1015279_11,-,MCP_5,-,5e-29,98.1,all,3300005747_assembled_Ga0076924_1015279,MCP
3300009184_assembled_Ga0114976_10000413_2,-,MCP_5,-,1.8e-28,96.3,all,3300009184_assembled_Ga0114976_10000413,MCP
3300007541_assembled_Ga0099848_1000221_17,-,MCP_5,-,2.7e-28,95.7,all,3300007541_assembled_Ga0099848_1000221,MCP
3300025401_assembled_Ga0207955_1000104_9,-,MCP_5,-,3.3e-28,95.4,all,3300025401_assembled_Ga0207955_1000104,MCP
3300010885_assembled_Ga0133913_10012712_4,-,MCP_5,-,8.9e-28,94,all,3300010885_assembled_Ga0133913_10012712,MCP
3300027763_assembled_Ga0209088_10000481_6,-,MCP_5,-,1.2e-27,93.5,all,3300027763_assembled_Ga0209088_10000481,MCP
3300032893_assembled_Ga0335069_10005211_21,-,MCP_5,-,1.7e-27,93,all,3300032893_assembled_Ga0335069_10005211,MCP
3300002092_assembled_JGI24218J26658_1000290_33,-,MCP_5,-,4.4e-26,88.4,all,3300002092_assembled_JGI24218J26658_1000290,MCP
3300032665_assembled_Ga0316221_1001987_1,-,MCP_5,-,1.5e-25,86.6,all,3300032665_assembled_Ga0316221_1001987,MCP
3300009182_assembled_Ga0114959_10001102_9,-,MCP_5,-,9.1e-25,84,all,3300009182_assembled_Ga0114959_10001102,MCP
3300005831_assembled_Ga0074471_10193221_21,-,MCP_5,-,3.8e-24,82,all,3300005831_assembled_Ga0074471_10193221,MCP
3300025487_assembled_Ga0208105_1000377_1,-,MCP_5,-,4.8e-24,81.6,all,3300025487_assembled_Ga0208105_1000377,MCP
3300009151_assembled_Ga0114962_10000842_12,-,MCP_5,-,9.9e-24,80.6,all,3300009151_assembled_Ga0114962_10000842,MCP
3300009085_assembled_Ga0105103_10000772_2,-,MCP_5,-,1.7e-23,79.8,all,3300009085_assembled_Ga0105103_10000772,MCP
3300009151_assembled_Ga0114962_10001373_20,-,MCP_5,-,2.6e-23,79.2,all,3300009151_assembled_Ga0114962_10001373,MCP
3300014204_assembled_Ga0172381_10002270_24,-,MCP_5,-,6.3e-23,77.9,all,3300014204_assembled_Ga0172381_10002270,MCP
3300018022_assembled_Ga0187864_10002390_17,-,MCP_5,-,3.4e-22,75.5,all,3300018022_assembled_Ga0187864_10002390,MCP
3300002835_assembled_B570J40625_100006411_3,-,MCP_5,-,1.5e-20,70.1,all,3300002835_assembled_B570J40625_100006411,MCP
3300002835_assembled_B570J40625_100005612_17,-,MCP_5,-,1.3e-19,67,all,3300002835_assembled_B570J40625_100005612,MCP
3300010885_assembled_Ga0133913_10027335_6,-,MCP_5,-,1.7e-18,63.4,all,3300010885_assembled_Ga0133913_10027335,MCP
3300010413_assembled_Ga0136851_10008908_3,-,MCP_5,-,2.3e-18,62.9,all,3300010413_assembled_Ga0136851_10008908,MCP
3300010885_assembled_Ga0133913_10011061_25,-,MCP_5,-,2.4e-18,62.8,all,3300010885_assembled_Ga0133913_10011061,MCP
3300007734_assembled_Ga0104986_1721_22,-,MCP_5,-,9.5e-18,60.8,all,3300007734_assembled_Ga0104986_1721,MCP
3300010885_assembled_Ga0133913_10011061_25,-,MCP_6,-,1.9e-234,776.4,all,3300010885_assembled_Ga0133913_10011061,MCP
3300009500_assembled_Ga0116229_10007006_18,-,MCP_6,-,2.4e-40,135.6,all,3300009500_assembled_Ga0116229_10007006,MCP
3300010885_assembled_Ga0133913_10010443_8,-,MCP_6,-,8.9e-39,130.4,all,3300010885_assembled_Ga0133913_10010443,MCP
3300000439_assembled_TBL_comb48_EPIDRAFT_1001871_13,-,MCP_6,-,2e-38,129.2,all,3300000439_assembled_TBL_comb48_EPIDRAFT_1001871,MCP
3300028413_assembled_Ga0306870_1000093_9,-,MCP_6,-,1.5e-37,126.3,all,3300028413_assembled_Ga0306870_1000093,MCP
3300027708_assembled_Ga0209188_1000973_21,-,MCP_6,-,1.3e-36,123.2,all,3300027708_assembled_Ga0209188_1000973,MCP
3300010354_assembled_Ga0129333_10000799_16,-,MCP_6,-,2.5e-36,122.3,all,3300010354_assembled_Ga0129333_10000799,MCP
3300010885_assembled_Ga0133913_10012712_4,-,MCP_6,-,3.4e-36,121.8,all,3300010885_assembled_Ga0133913_10012712,MCP
3300007734_assembled_Ga0104986_1721_23,-,MCP_6,-,3.9e-36,121.7,all,3300007734_assembled_Ga0104986_1721,MCP
OL828819.1_19,-,MCP_6,-,5.3e-36,121.2,all,OL828819.1,MCP
3300025646_assembled_Ga0208161_1000494_20,-,MCP_6,-,1.2e-35,120.1,all,3300025646_assembled_Ga0208161_1000494,MCP
3300009180_assembled_Ga0114979_10000767_5,-,MCP_6,-,1.7e-35,119.5,all,3300009180_assembled_Ga0114979_10000767,MCP
3300009684_assembled_Ga0114958_10000782_25,-,MCP_6,-,3.9e-35,118.3,all,3300009684_assembled_Ga0114958_10000782,MCP
3300010334_assembled_Ga0136644_10000572_31,-,MCP_6,-,8.3e-35,117.3,all,3300010334_assembled_Ga0136644_10000572,MCP
3300017963_assembled_Ga0180437_10003822_12,-,MCP_6,-,2e-34,116,all,3300017963_assembled_Ga0180437_10003822,MCP
3300025736_assembled_Ga0207997_1001135_10,-,MCP_6,-,2.6e-34,115.6,all,3300025736_assembled_Ga0207997_1001135,MCP
3300029911_assembled_Ga0311361_10011007_2,-,MCP_6,-,3.1e-34,115.3,all,3300029911_assembled_Ga0311361_10011007,MCP
MG807318.2_12,-,MCP_6,-,5.2e-34,114.6,all,MG807318.2,MCP
3300009548_assembled_Ga0116107_1001113_14,-,MCP_6,-,8.7e-34,113.9,all,3300009548_assembled_Ga0116107_1001113,MCP
JN603370.1_20,-,MCP_6,-,1.9e-33,112.7,all,JN603370.1,MCP
3300017971_assembled_Ga0180438_10002894_8,-,MCP_6,-,2.3e-33,112.5,all,3300017971_assembled_Ga0180438_10002894,MCP
3300025838_assembled_Ga0208872_1000426_5,-,MCP_6,-,2.8e-33,112.2,all,3300025838_assembled_Ga0208872_1000426,MCP
3300005582_assembled_Ga0049080_10000091_17,-,MCP_6,-,1.2e-32,110.2,all,3300005582_assembled_Ga0049080_10000091,MCP
3300017971_assembled_Ga0180438_10003911_13,-,MCP_6,-,2e-32,109.4,all,3300017971_assembled_Ga0180438_10003911,MCP
3300002835_assembled_B570J40625_100004419_14,-,MCP_6,-,3.4e-32,108.6,all,3300002835_assembled_B570J40625_100004419,MCP
3300035696_assembled_Ga0374055_0049619_20,-,MCP_6,-,6.9e-31,104.3,all,3300035696_assembled_Ga0374055_0049619,MCP
3300002091_assembled_JGI24028J26656_1000152_13,-,MCP_6,-,8.9e-31,103.9,all,3300002091_assembled_JGI24028J26656_1000152,MCP
3300010885_assembled_Ga0133913_10009934_10,-,MCP_6,-,2e-30,102.8,all,3300010885_assembled_Ga0133913_10009934,MCP
3300027793_assembled_Ga0209972_10000880_22,-,MCP_6,-,3.2e-30,102.1,all,3300027793_assembled_Ga0209972_10000880,MCP
3300006916_assembled_Ga0070750_10000267_4,-,MCP_6,-,4.1e-30,101.8,all,3300006916_assembled_Ga0070750_10000267,MCP
3300027769_assembled_Ga0209770_10000312_16,-,MCP_6,-,5.2e-30,101.4,all,3300027769_assembled_Ga0209770_10000312,MCP
3300027973_assembled_Ga0209298_10000424_9,-,MCP_6,-,5.7e-30,101.3,all,3300027973_assembled_Ga0209298_10000424,MCP
3300010885_assembled_Ga0133913_10009135_7,-,MCP_6,-,1.2e-29,100.3,all,3300010885_assembled_Ga0133913_10009135,MCP
3300010885_assembled_Ga0133913_10013256_19,-,MCP_6,-,2.2e-29,99.4,all,3300010885_assembled_Ga0133913_10013256,MCP
3300009163_assembled_Ga0114970_10000439_25,-,MCP_6,-,2.6e-29,99.1,all,3300009163_assembled_Ga0114970_10000439,MCP
3300027763_assembled_Ga0209088_10000481_6,-,MCP_6,-,6.4e-29,97.8,all,3300027763_assembled_Ga0209088_10000481,MCP
3300006109_assembled_Ga0007870_1000162_16,-,MCP_6,-,6.5e-29,97.8,all,3300006109_assembled_Ga0007870_1000162,MCP
3300019487_assembled_Ga0187893_10009394_18,-,MCP_6,-,7.7e-29,97.6,all,3300019487_assembled_Ga0187893_10009394,MCP
3300009183_assembled_Ga0114974_10000518_25,-,MCP_6,-,9e-29,97.3,all,3300009183_assembled_Ga0114974_10000518,MCP
3300009184_assembled_Ga0114976_10000413_2,-,MCP_6,-,1.1e-28,97,all,3300009184_assembled_Ga0114976_10000413,MCP
3300007541_assembled_Ga0099848_1000221_17,-,MCP_6,-,1.6e-28,96.5,all,3300007541_assembled_Ga0099848_1000221,MCP
KJ854379.1_18,-,MCP_6,-,2.1e-28,96.1,all,KJ854379.1,MCP
3300010885_assembled_Ga0133913_10009566_22,-,MCP_6,-,3.3e-28,95.5,all,3300010885_assembled_Ga0133913_10009566,MCP
3300009181_assembled_Ga0114969_10001288_4,-,MCP_6,-,4e-28,95.2,all,3300009181_assembled_Ga0114969_10001288,MCP
3300005747_assembled_Ga0076924_1015279_11,-,MCP_6,-,8e-28,94.2,all,3300005747_assembled_Ga0076924_1015279,MCP
3300009181_assembled_Ga0114969_10000735_6,-,MCP_6,-,1.7e-27,93.1,all,3300009181_assembled_Ga0114969_10000735,MCP
3300009151_assembled_Ga0114962_10001691_9,-,MCP_6,-,2.1e-27,92.8,all,3300009151_assembled_Ga0114962_10001691,MCP
3300007540_assembled_Ga0099847_1000087_17,-,MCP_6,-,4e-27,91.9,all,3300007540_assembled_Ga0099847_1000087,MCP
3300027769_assembled_Ga0209770_10000312_15,-,MCP_6,-,1.1e-26,90.4,all,3300027769_assembled_Ga0209770_10000312,MCP
3300025401_assembled_Ga0207955_1000104_9,-,MCP_6,-,1.8e-26,89.7,all,3300025401_assembled_Ga0207955_1000104,MCP
3300010885_assembled_Ga0133913_10008424_3,-,MCP_6,-,7.1e-26,87.8,all,3300010885_assembled_Ga0133913_10008424,MCP
3300009183_assembled_Ga0114974_10001000_14,-,MCP_6,-,1.7e-25,86.5,all,3300009183_assembled_Ga0114974_10001000,MCP
3300014492_assembled_Ga0182013_10004328_13,-,MCP_6,-,4e-25,85.3,all,3300014492_assembled_Ga0182013_10004328,MCP
3300010885_assembled_Ga0133913_10013167_20,-,MCP_6,-,6.6e-25,84.6,all,3300010885_assembled_Ga0133913_10013167,MCP
3300021438_assembled_Ga0213920_1000796_16,-,MCP_6,-,1.7e-24,83.2,all,3300021438_assembled_Ga0213920_1000796,MCP
3300023174_assembled_Ga0214921_10004023_19,-,MCP_6,-,4.4e-24,81.8,all,3300023174_assembled_Ga0214921_10004023,MCP
KC556925.1_13,-,MCP_6,-,5.1e-24,81.6,all,KC556925.1,MCP
3300010885_assembled_Ga0133913_10008183_1,-,MCP_6,-,2.4e-23,79.4,all,3300010885_assembled_Ga0133913_10008183,MCP
3300002835_assembled_B570J40625_100005612_17,-,MCP_6,-,2.8e-23,79.2,all,3300002835_assembled_B570J40625_100005612,MCP
3300014204_assembled_Ga0172381_10002270_24,-,MCP_6,-,4.5e-23,78.5,all,3300014204_assembled_Ga0172381_10002270,MCP
3300032770_assembled_Ga0335085_10008907_19,-,MCP_6,-,8.6e-23,77.6,all,3300032770_assembled_Ga0335085_10008907,MCP
3300010885_assembled_Ga0133913_10012256_4,-,MCP_6,-,2.1e-22,76.3,all,3300010885_assembled_Ga0133913_10012256,MCP
3300032893_assembled_Ga0335069_10005211_21,-,MCP_6,-,4.9e-22,75.1,all,3300032893_assembled_Ga0335069_10005211,MCP
3300009091_assembled_Ga0102851_10000522_2,-,MCP_6,-,1.1e-21,73.9,all,3300009091_assembled_Ga0102851_10000522,MCP
3300021168_assembled_Ga0210406_10003258_8,-,MCP_6,-,4e-21,72.1,all,3300021168_assembled_Ga0210406_10003258,MCP
3300025487_assembled_Ga0208105_1000377_1,-,MCP_6,-,4.8e-21,71.8,all,3300025487_assembled_Ga0208105_1000377,MCP
3300010885_assembled_Ga0133913_10015411_6,-,MCP_6,-,5.1e-21,71.7,all,3300010885_assembled_Ga0133913_10015411,MCP
3300009068_assembled_Ga0114973_10000749_13,-,MCP_6,-,3.4e-20,69,all,3300009068_assembled_Ga0114973_10000749,MCP
3300024254_assembled_Ga0247661_1000063_8,-,MCP_6,-,6.8e-20,68,all,3300024254_assembled_Ga0247661_1000063,MCP
3300009068_assembled_Ga0114973_10000639_13,-,MCP_6,-,6.9e-20,68,all,3300009068_assembled_Ga0114973_10000639,MCP
3300009111_assembled_Ga0115026_10000109_6,-,MCP_6,-,9.9e-20,67.5,all,3300009111_assembled_Ga0115026_10000109,MCP
3300010158_assembled_Ga0114960_10000772_23,-,MCP_6,-,1.1e-19,67.3,all,3300010158_assembled_Ga0114960_10000772,MCP
3300032665_assembled_Ga0316221_1001987_1,-,MCP_6,-,4.7e-19,65.2,all,3300032665_assembled_Ga0316221_1001987,MCP
3300010885_assembled_Ga0133913_10011015_6,-,MCP_6,-,4.7e-19,65.2,all,3300010885_assembled_Ga0133913_10011015,MCP
3300010413_assembled_Ga0136851_10008908_2,-,MCP_6,-,1.8e-17,60,all,3300010413_assembled_Ga0136851_10008908,MCP
3300013094_assembled_Ga0164297_10001420_17,-,MCP_6,-,2e-16,56.5,all,3300013094_assembled_Ga0164297_10001420,MCP
3300010885_assembled_Ga0133913_10007194_15,-,MCP_6,-,2.1e-16,56.5,all,3300010885_assembled_Ga0133913_10007194,MCP
3300018022_assembled_Ga0187864_10002390_17,-,MCP_6,-,2.6e-16,56.2,all,3300018022_assembled_Ga0187864_10002390,MCP
3300007735_assembled_Ga0104988_10753_21,-,MCP_6,-,3.5e-16,55.8,all,3300007735_assembled_Ga0104988_10753,MCP
KM502591.1_19,-,MCP_6,-,7.5e-16,54.7,all,KM502591.1,MCP
3300007734_assembled_Ga0104986_1721_22,-,MCP_6,-,9.8e-16,54.3,all,3300007734_assembled_Ga0104986_1721,MCP
3300009151_assembled_Ga0114962_10000818_11,-,MCP_6,-,2e-15,53.3,all,3300009151_assembled_Ga0114962_10000818,MCP
3300009154_assembled_Ga0114963_10000587_15,-,MCP_6,-,2.9e-15,52.7,all,3300009154_assembled_Ga0114963_10000587,MCP
3300002092_assembled_JGI24218J26658_1000290_33,-,MCP_6,-,4.6e-15,52.1,all,3300002092_assembled_JGI24218J26658_1000290,MCP
3300010885_assembled_Ga0133913_10017077_19,-,MCP_6,-,1.3e-14,50.5,all,3300010885_assembled_Ga0133913_10017077,MCP
3300002835_assembled_B570J40625_100006411_3,-,MCP_7,-,8.6e-91,302,all,3300002835_assembled_B570J40625_100006411,MCP
3300019487_assembled_Ga0187893_10009394_18,-,MCP_7,-,8.4e-65,216.1,all,3300019487_assembled_Ga0187893_10009394,MCP
JN603370.1_20,-,MCP_7,-,9.9e-64,212.6,all,JN603370.1,MCP
3300009500_assembled_Ga0116229_10007006_18,-,MCP_7,-,1.8e-62,208.5,all,3300009500_assembled_Ga0116229_10007006,MCP
3300014492_assembled_Ga0182013_10004328_13,-,MCP_7,-,7e-61,203.2,all,3300014492_assembled_Ga0182013_10004328,MCP
MG807318.2_12,-,MCP_7,-,2.7e-60,201.2,all,MG807318.2,MCP
3300017963_assembled_Ga0180437_10003822_12,-,MCP_7,-,2.3e-58,194.9,all,3300017963_assembled_Ga0180437_10003822,MCP
3300032770_assembled_Ga0335085_10008907_19,-,MCP_7,-,3.3e-58,194.4,all,3300032770_assembled_Ga0335085_10008907,MCP
3300009151_assembled_Ga0114962_10001373_20,-,MCP_7,-,3.7e-57,190.9,all,3300009151_assembled_Ga0114962_10001373,MCP
3300032893_assembled_Ga0335069_10005211_21,-,MCP_7,-,6.9e-56,186.7,all,3300032893_assembled_Ga0335069_10005211,MCP
3300009548_assembled_Ga0116107_1001113_14,-,MCP_7,-,2.6e-55,184.8,all,3300009548_assembled_Ga0116107_1001113,MCP
3300024254_assembled_Ga0247661_1000063_8,-,MCP_7,-,3.2e-55,184.5,all,3300024254_assembled_Ga0247661_1000063,MCP
3300017971_assembled_Ga0180438_10003911_13,-,MCP_7,-,3.5e-54,181.1,all,3300017971_assembled_Ga0180438_10003911,MCP
3300021168_assembled_Ga0210406_10003258_8,-,MCP_7,-,3e-52,174.7,all,3300021168_assembled_Ga0210406_10003258,MCP
3300029911_assembled_Ga0311361_10011007_2,-,MCP_7,-,1.5e-50,169.1,all,3300029911_assembled_Ga0311361_10011007,MCP
3300000439_assembled_TBL_comb48_EPIDRAFT_1001871_13,-,MCP_7,-,5.3e-48,160.7,all,3300000439_assembled_TBL_comb48_EPIDRAFT_1001871,MCP
3300010885_assembled_Ga0133913_10009135_7,-,MCP_7,-,6.4e-43,143.9,all,3300010885_assembled_Ga0133913_10009135,MCP
3300035696_assembled_Ga0374055_0049619_20,-,MCP_7,-,3.3e-42,141.5,all,3300035696_assembled_Ga0374055_0049619,MCP
3300010413_assembled_Ga0136851_10008908_2,-,MCP_7,-,6.6e-41,137.2,all,3300010413_assembled_Ga0136851_10008908,MCP
3300025736_assembled_Ga0207997_1001135_10,-,MCP_7,-,8.4e-40,133.6,all,3300025736_assembled_Ga0207997_1001135,MCP
KC556925.1_13,-,MCP_7,-,2.7e-39,131.9,all,KC556925.1,MCP
3300009180_assembled_Ga0114979_10000767_5,-,MCP_7,-,1.1e-37,126.6,all,3300009180_assembled_Ga0114979_10000767,MCP
3300009091_assembled_Ga0102851_10000522_2,-,MCP_7,-,1e-36,123.4,all,3300009091_assembled_Ga0102851_10000522,MCP
3300014204_assembled_Ga0172381_10002270_24,-,MCP_7,-,2.1e-36,122.4,all,3300014204_assembled_Ga0172381_10002270,MCP
3300009111_assembled_Ga0115026_10000109_6,-,MCP_7,-,4.5e-35,118,all,3300009111_assembled_Ga0115026_10000109,MCP
3300010334_assembled_Ga0136644_10000572_31,-,MCP_7,-,9.1e-34,113.7,all,3300010334_assembled_Ga0136644_10000572,MCP
3300027793_assembled_Ga0209972_10000880_22,-,MCP_7,-,1.7e-33,112.7,all,3300027793_assembled_Ga0209972_10000880,MCP
3300010885_assembled_Ga0133913_10010443_8,-,MCP_7,-,8.8e-32,107.1,all,3300010885_assembled_Ga0133913_10010443,MCP
3300025646_assembled_Ga0208161_1000494_20,-,MCP_7,-,9.2e-31,103.7,all,3300025646_assembled_Ga0208161_1000494,MCP
3300007541_assembled_Ga0099848_1000221_17,-,MCP_7,-,2.9e-30,102.1,all,3300007541_assembled_Ga0099848_1000221,MCP
3300009151_assembled_Ga0114962_10001691_9,-,MCP_7,-,4e-29,98.3,all,3300009151_assembled_Ga0114962_10001691,MCP
3300027708_assembled_Ga0209188_1000973_21,-,MCP_7,-,1.5e-28,96.4,all,3300027708_assembled_Ga0209188_1000973,MCP
3300017971_assembled_Ga0180438_10002894_8,-,MCP_7,-,1.1e-27,93.6,all,3300017971_assembled_Ga0180438_10002894,MCP
3300021438_assembled_Ga0213920_1000796_16,-,MCP_7,-,2e-27,92.7,all,3300021438_assembled_Ga0213920_1000796,MCP
3300005831_assembled_Ga0074471_10193221_21,-,MCP_7,-,2.2e-27,92.6,all,3300005831_assembled_Ga0074471_10193221,MCP
3300010885_assembled_Ga0133913_10013256_19,-,MCP_7,-,4.4e-27,91.6,all,3300010885_assembled_Ga0133913_10013256,MCP
3300010885_assembled_Ga0133913_10009566_22,-,MCP_7,-,6.8e-27,91,all,3300010885_assembled_Ga0133913_10009566,MCP
3300010885_assembled_Ga0133913_10008424_3,-,MCP_7,-,3e-26,88.9,all,3300010885_assembled_Ga0133913_10008424,MCP
3300009181_assembled_Ga0114969_10001288_4,-,MCP_7,-,2.2e-25,86,all,3300009181_assembled_Ga0114969_10001288,MCP
3300002835_assembled_B570J40625_100004419_14,-,MCP_7,-,6.6e-25,84.4,all,3300002835_assembled_B570J40625_100004419,MCP
3300006109_assembled_Ga0007870_1000162_16,-,MCP_7,-,1.2e-24,83.6,all,3300006109_assembled_Ga0007870_1000162,MCP
3300010354_assembled_Ga0129333_10000799_16,-,MCP_7,-,2.8e-24,82.4,all,3300010354_assembled_Ga0129333_10000799,MCP
OL828819.1_19,-,MCP_7,-,5.9e-24,81.3,all,OL828819.1,MCP
3300018022_assembled_Ga0187864_10002390_17,-,MCP_7,-,7.2e-24,81,all,3300018022_assembled_Ga0187864_10002390,MCP
KJ854379.1_18,-,MCP_7,-,1.5e-23,79.9,all,KJ854379.1,MCP
3300007540_assembled_Ga0099847_1000087_17,-,MCP_7,-,3.7e-23,78.6,all,3300007540_assembled_Ga0099847_1000087,MCP
3300027769_assembled_Ga0209770_10000312_16,-,MCP_7,-,4.1e-23,78.5,all,3300027769_assembled_Ga0209770_10000312,MCP
3300010885_assembled_Ga0133913_10007194_15,-,MCP_7,-,4.9e-23,78.2,all,3300010885_assembled_Ga0133913_10007194,MCP
3300009151_assembled_Ga0114962_10000818_11,-,MCP_7,-,9.4e-23,77.3,all,3300009151_assembled_Ga0114962_10000818,MCP
3300027973_assembled_Ga0209298_10000424_9,-,MCP_7,-,1.2e-22,77,all,3300027973_assembled_Ga0209298_10000424,MCP
3300025838_assembled_Ga0208872_1000426_5,-,MCP_7,-,1.2e-22,77,all,3300025838_assembled_Ga0208872_1000426,MCP
3300009085_assembled_Ga0105103_10000772_2,-,MCP_7,-,1.5e-22,76.7,all,3300009085_assembled_Ga0105103_10000772,MCP
3300006916_assembled_Ga0070750_10000267_4,-,MCP_7,-,2.2e-22,76.1,all,3300006916_assembled_Ga0070750_10000267,MCP
3300010885_assembled_Ga0133913_10009934_10,-,MCP_7,-,1.3e-21,73.6,all,3300010885_assembled_Ga0133913_10009934,MCP
3300009163_assembled_Ga0114970_10000439_25,-,MCP_7,-,1.4e-21,73.4,all,3300009163_assembled_Ga0114970_10000439,MCP
3300010885_assembled_Ga0133913_10008183_1,-,MCP_7,-,1.9e-21,73,all,3300010885_assembled_Ga0133913_10008183,MCP
3300005582_assembled_Ga0049080_10000091_17,-,MCP_7,-,2.3e-21,72.7,all,3300005582_assembled_Ga0049080_10000091,MCP
3300005747_assembled_Ga0076924_1015279_11,-,MCP_7,-,2.9e-21,72.4,all,3300005747_assembled_Ga0076924_1015279,MCP
3300010885_assembled_Ga0133913_10012256_4,-,MCP_7,-,7.6e-21,71,all,3300010885_assembled_Ga0133913_10012256,MCP
3300009068_assembled_Ga0114973_10000639_13,-,MCP_7,-,1.2e-20,70.3,all,3300009068_assembled_Ga0114973_10000639,MCP
3300027777_assembled_Ga0209829_10000789_16,-,MCP_7,-,1.7e-20,69.9,all,3300027777_assembled_Ga0209829_10000789,MCP
3300009183_assembled_Ga0114974_10001000_14,-,MCP_7,-,1.8e-20,69.7,all,3300009183_assembled_Ga0114974_10001000,MCP
3300018022_assembled_Ga0187864_10002390_1,-,MCP_7,-,6.5e-20,67.9,all,3300018022_assembled_Ga0187864_10002390,MCP
3300010413_assembled_Ga0136851_10008908_3,-,MCP_7,-,2.8e-19,65.8,all,3300010413_assembled_Ga0136851_10008908,MCP
3300010158_assembled_Ga0114960_10000772_23,-,MCP_7,-,3.2e-19,65.6,all,3300010158_assembled_Ga0114960_10000772,MCP
3300010885_assembled_Ga0133913_10011061_25,-,MCP_7,-,3.9e-19,65.4,all,3300010885_assembled_Ga0133913_10011061,MCP
3300009068_assembled_Ga0114973_10000749_13,-,MCP_7,-,6.4e-19,64.6,all,3300009068_assembled_Ga0114973_10000749,MCP
3300009183_assembled_Ga0114974_10000518_25,-,MCP_7,-,1.3e-18,63.6,all,3300009183_assembled_Ga0114974_10000518,MCP
3300010885_assembled_Ga0133913_10015411_6,-,MCP_7,-,1.6e-18,63.3,all,3300010885_assembled_Ga0133913_10015411,MCP
KM502591.1_19,-,MCP_7,-,3.9e-18,62,all,KM502591.1,MCP
3300027769_assembled_Ga0209770_10000312_15,-,MCP_7,-,5.8e-18,61.5,all,3300027769_assembled_Ga0209770_10000312,MCP
3300002091_assembled_JGI24028J26656_1000152_13,-,MCP_7,-,6.5e-18,61.3,all,3300002091_assembled_JGI24028J26656_1000152,MCP
3300007735_assembled_Ga0104988_10753_21,-,MCP_7,-,8.3e-18,61,all,3300007735_assembled_Ga0104988_10753,MCP
3300009684_assembled_Ga0114958_10000782_25,-,MCP_7,-,2.9e-17,59.2,all,3300009684_assembled_Ga0114958_10000782,MCP
3300010885_assembled_Ga0133913_10012712_4,-,MCP_7,-,5.5e-17,58.3,all,3300010885_assembled_Ga0133913_10012712,MCP
3300025487_assembled_Ga0208105_1000377_1,-,MCP_7,-,1.2e-16,57.1,all,3300025487_assembled_Ga0208105_1000377,MCP
3300013094_assembled_Ga0164297_10001420_17,-,MCP_7,-,1.5e-16,56.8,all,3300013094_assembled_Ga0164297_10001420,MCP
3300009181_assembled_Ga0114969_10000735_6,-,MCP_7,-,2.9e-16,55.9,all,3300009181_assembled_Ga0114969_10000735,MCP
3300027763_assembled_Ga0209088_10000481_6,-,MCP_7,-,4.8e-16,55.1,all,3300027763_assembled_Ga0209088_10000481,MCP
3300009184_assembled_Ga0114976_10000413_2,-,MCP_7,-,6.5e-16,54.7,all,3300009184_assembled_Ga0114976_10000413,MCP
3300007734_assembled_Ga0104986_1721_23,-,MCP_7,-,1e-15,54.1,all,3300007734_assembled_Ga0104986_1721,MCP
3300010885_assembled_Ga0133913_10017077_19,-,MCP_7,-,3e-15,52.5,all,3300010885_assembled_Ga0133913_10017077,MCP
3300010885_assembled_Ga0133913_10013167_20,-,MCP_7,-,3.5e-15,52.3,all,3300010885_assembled_Ga0133913_10013167,MCP
3300005582_assembled_Ga0049080_10000091_18,-,Penton_1,-,1.8e-124,412.8,all,3300005582_assembled_Ga0049080_10000091,Penton
3300006916_assembled_Ga0070750_10000267_3,-,Penton_1,-,9e-123,407.2,all,3300006916_assembled_Ga0070750_10000267,Penton
3300005747_assembled_Ga0076924_1015279_12,-,Penton_1,-,1.1e-122,406.9,all,3300005747_assembled_Ga0076924_1015279,Penton
3300009181_assembled_Ga0114969_10001288_5,-,Penton_1,-,1.9e-122,406.2,all,3300009181_assembled_Ga0114969_10001288,Penton
3300010885_assembled_Ga0133913_10009135_6,-,Penton_1,-,8.1e-122,404.1,all,3300010885_assembled_Ga0133913_10009135,Penton
KJ854379.1_19,-,Penton_1,-,1e-120,400.4,all,KJ854379.1,Penton
3300009180_assembled_Ga0114979_10000767_4,-,Penton_1,-,9.5e-120,397.3,all,3300009180_assembled_Ga0114979_10000767,Penton
3300007540_assembled_Ga0099847_1000087_16,-,Penton_1,-,9.5e-120,397.3,all,3300007540_assembled_Ga0099847_1000087,Penton
3300023174_assembled_Ga0214921_10004023_18,-,Penton_1,-,1.5e-119,396.6,all,3300023174_assembled_Ga0214921_10004023,Penton
3300027708_assembled_Ga0209188_1000973_20,-,Penton_1,-,2.9e-119,395.7,all,3300027708_assembled_Ga0209188_1000973,Penton
3300010885_assembled_Ga0133913_10009934_11,-,Penton_1,-,3.2e-119,395.5,all,3300010885_assembled_Ga0133913_10009934,Penton
3300027793_assembled_Ga0209972_10000880_23,-,Penton_1,-,3e-118,392.4,all,3300027793_assembled_Ga0209972_10000880,Penton
3300010885_assembled_Ga0133913_10010443_10,-,Penton_1,-,2.6e-117,389.3,all,3300010885_assembled_Ga0133913_10010443,Penton
3300027973_assembled_Ga0209298_10000424_8,-,Penton_1,-,2.2e-115,382.9,all,3300027973_assembled_Ga0209298_10000424,Penton
3300027769_assembled_Ga0209770_10000312_17,-,Penton_1,-,1.4e-112,373.7,all,3300027769_assembled_Ga0209770_10000312,Penton
3300010885_assembled_Ga0133913_10013167_19,-,Penton_1,-,5.8e-112,371.7,all,3300010885_assembled_Ga0133913_10013167,Penton
3300009163_assembled_Ga0114970_10000439_26,-,Penton_1,-,2.2e-111,369.8,all,3300009163_assembled_Ga0114970_10000439,Penton
3300025401_assembled_Ga0207955_1000104_10,-,Penton_1,-,9.2e-109,361.1,all,3300025401_assembled_Ga0207955_1000104,Penton
3300009154_assembled_Ga0114963_10000587_16,-,Penton_1,-,8.8e-108,357.9,all,3300009154_assembled_Ga0114963_10000587,Penton
3300002835_assembled_B570J40625_100005612_18,-,Penton_1,-,9.9e-106,351.1,all,3300002835_assembled_B570J40625_100005612,Penton
3300010885_assembled_Ga0133913_10009566_23,-,Penton_1,-,2.7e-105,349.7,all,3300010885_assembled_Ga0133913_10009566,Penton
3300010354_assembled_Ga0129333_10000799_17,-,Penton_1,-,7e-104,345.1,all,3300010354_assembled_Ga0129333_10000799,Penton
OL828819.1_20,-,Penton_1,-,1.4e-103,344.1,all,OL828819.1,Penton
3300002835_assembled_B570J40625_100004419_13,-,Penton_1,-,7.6e-102,338.3,all,3300002835_assembled_B570J40625_100004419,Penton
3300027777_assembled_Ga0209829_10000789_29,-,Penton_1,-,2e-101,337,all,3300027777_assembled_Ga0209829_10000789,Penton
3300010334_assembled_Ga0136644_10000572_30,-,Penton_1,-,3e-99,329.8,all,3300010334_assembled_Ga0136644_10000572,Penton
3300013094_assembled_Ga0164297_10001420_16,-,Penton_1,-,3.1e-99,329.8,all,3300013094_assembled_Ga0164297_10001420,Penton
3300032893_assembled_Ga0335069_10005211_20,-,Penton_1,-,6.7e-98,325.4,all,3300032893_assembled_Ga0335069_10005211,Penton
3300009183_assembled_Ga0114974_10000518_26,-,Penton_1,-,9.5e-98,324.9,all,3300009183_assembled_Ga0114974_10000518,Penton
MG807318.2_11,-,Penton_1,-,3.1e-97,323.2,all,MG807318.2,Penton
3300017971_assembled_Ga0180438_10003911_14,-,Penton_1,-,4.7e-97,322.6,all,3300017971_assembled_Ga0180438_10003911,Penton
JN603370.1_19,-,Penton_1,-,1.9e-96,320.6,all,JN603370.1,Penton
3300017971_assembled_Ga0180438_10003911_15,-,Penton_1,-,2e-95,317.2,all,3300017971_assembled_Ga0180438_10003911,Penton
3300019487_assembled_Ga0187893_10009394_17,-,Penton_1,-,6.5e-95,315.5,all,3300019487_assembled_Ga0187893_10009394,Penton
3300025487_assembled_Ga0208105_1000377_2,-,Penton_1,-,2.6e-92,307,all,3300025487_assembled_Ga0208105_1000377,Penton
3300018022_assembled_Ga0187864_10002390_2,-,Penton_1,-,7.3e-92,305.5,all,3300018022_assembled_Ga0187864_10002390,Penton
3300035696_assembled_Ga0374055_0049619_21,-,Penton_1,-,1.6e-91,304.4,all,3300035696_assembled_Ga0374055_0049619,Penton
3300009182_assembled_Ga0114959_10001102_11,-,Penton_1,-,1.6e-91,304.4,all,3300009182_assembled_Ga0114959_10001102,Penton
3300009548_assembled_Ga0116107_1001113_13,-,Penton_1,-,9.9e-91,301.8,all,3300009548_assembled_Ga0116107_1001113,Penton
3300032770_assembled_Ga0335085_10008907_18,-,Penton_1,-,1.1e-90,301.6,all,3300032770_assembled_Ga0335085_10008907,Penton
3300017963_assembled_Ga0180437_10003822_11,-,Penton_1,-,1.5e-90,301.1,all,3300017963_assembled_Ga0180437_10003822,Penton
3300006114_assembled_Ga0007815_1000154_11,-,Penton_1,-,2.1e-90,300.7,all,3300006114_assembled_Ga0007815_1000154,Penton
3300009500_assembled_Ga0116229_10007006_19,-,Penton_1,-,2.4e-90,300.5,all,3300009500_assembled_Ga0116229_10007006,Penton
3300032665_assembled_Ga0316221_1001987_22,-,Penton_1,-,1.8e-89,297.6,all,3300032665_assembled_Ga0316221_1001987,Penton
3300028413_assembled_Ga0306870_1000093_8,-,Penton_1,-,8.6e-89,295.4,all,3300028413_assembled_Ga0306870_1000093,Penton
3300009183_assembled_Ga0114974_10001000_13,-,Penton_1,-,1.6e-88,294.5,all,3300009183_assembled_Ga0114974_10001000,Penton
3300010885_assembled_Ga0133913_10013256_20,-,Penton_1,-,2.7e-88,293.7,all,3300010885_assembled_Ga0133913_10013256,Penton
3300021168_assembled_Ga0210406_10003258_9,-,Penton_1,-,5.1e-87,289.5,all,3300021168_assembled_Ga0210406_10003258,Penton
3300002092_assembled_JGI24218J26658_1000290_30,-,Penton_1,-,1.4e-86,288.2,all,3300002092_assembled_JGI24218J26658_1000290,Penton
3300010885_assembled_Ga0133913_10008424_2,-,Penton_1,-,2.5e-85,284,all,3300010885_assembled_Ga0133913_10008424,Penton
3300009068_assembled_Ga0114973_10000639_12,-,Penton_1,-,4.9e-84,279.7,all,3300009068_assembled_Ga0114973_10000639,Penton
3300009068_assembled_Ga0114973_10000749_12,-,Penton_1,-,1.6e-83,278,all,3300009068_assembled_Ga0114973_10000749,Penton
3300009151_assembled_Ga0114962_10000818_12,-,Penton_1,-,3.3e-83,277,all,3300009151_assembled_Ga0114962_10000818,Penton
3300010158_assembled_Ga0114960_10000772_22,-,Penton_1,-,3.6e-83,276.9,all,3300010158_assembled_Ga0114960_10000772,Penton
3300009151_assembled_Ga0114962_10000842_14,-,Penton_1,-,5.9e-83,276.2,all,3300009151_assembled_Ga0114962_10000842,Penton
3300010885_assembled_Ga0133913_10007194_16,-,Penton_1,-,7.2e-83,275.9,all,3300010885_assembled_Ga0133913_10007194,Penton
3300029911_assembled_Ga0311361_10011007_1,-,Penton_1,-,4.1e-82,273.4,all,3300029911_assembled_Ga0311361_10011007,Penton
3300021438_assembled_Ga0213920_1000796_15,-,Penton_1,-,5.1e-82,273.1,all,3300021438_assembled_Ga0213920_1000796,Penton
3300024254_assembled_Ga0247661_1000063_9,-,Penton_1,-,6e-81,269.6,all,3300024254_assembled_Ga0247661_1000063,Penton
3300006109_assembled_Ga0007870_1000162_15,-,Penton_1,-,1.8e-80,268,all,3300006109_assembled_Ga0007870_1000162,Penton
3300014492_assembled_Ga0182013_10004328_12,-,Penton_1,-,2.4e-80,267.6,all,3300014492_assembled_Ga0182013_10004328,Penton
3300007541_assembled_Ga0099848_1000221_15,-,Penton_1,-,1.8e-78,261.4,all,3300007541_assembled_Ga0099848_1000221,Penton
3300027763_assembled_Ga0209088_10000481_7,-,Penton_1,-,9.2e-78,259.1,all,3300027763_assembled_Ga0209088_10000481,Penton
3300010413_assembled_Ga0136851_10008908_21,-,Penton_1,-,1.7e-77,258.2,all,3300010413_assembled_Ga0136851_10008908,Penton
3300010885_assembled_Ga0133913_10012256_3,-,Penton_1,-,3.4e-77,257.2,all,3300010885_assembled_Ga0133913_10012256,Penton
3300009684_assembled_Ga0114958_10000782_23,-,Penton_1,-,6.8e-77,256.2,all,3300009684_assembled_Ga0114958_10000782,Penton
3300010885_assembled_Ga0133913_10017077_18,-,Penton_1,-,9.5e-77,255.7,all,3300010885_assembled_Ga0133913_10017077,Penton
3300002091_assembled_JGI24028J26656_1000152_14,-,Penton_1,-,1.9e-75,251.5,all,3300002091_assembled_JGI24028J26656_1000152,Penton
3300009184_assembled_Ga0114976_10000413_3,-,Penton_1,-,3.2e-75,250.7,all,3300009184_assembled_Ga0114976_10000413,Penton
3300010885_assembled_Ga0133913_10015411_5,-,Penton_1,-,1.2e-74,248.9,all,3300010885_assembled_Ga0133913_10015411,Penton
KC556925.1_12,-,Penton_1,-,7e-73,243,all,KC556925.1,Penton
3300009181_assembled_Ga0114969_10000735_7,-,Penton_1,-,1.1e-72,242.4,all,3300009181_assembled_Ga0114969_10000735,Penton
3300009111_assembled_Ga0115026_10000109_7,-,Penton_1,-,1.4e-72,242.1,all,3300009111_assembled_Ga0115026_10000109,Penton
3300010885_assembled_Ga0133913_10008183_2,-,Penton_1,-,2.7e-71,237.8,all,3300010885_assembled_Ga0133913_10008183,Penton
3300010885_assembled_Ga0133913_10011015_5,-,Penton_1,-,5e-69,230.3,all,3300010885_assembled_Ga0133913_10011015,Penton
3300025736_assembled_Ga0207997_1001135_8,-,Penton_1,-,5.3e-69,230.3,all,3300025736_assembled_Ga0207997_1001135,Penton
3300007735_assembled_Ga0104988_10753_20,-,Penton_1,-,1.5e-68,228.8,all,3300007735_assembled_Ga0104988_10753,Penton
3300009091_assembled_Ga0102851_10000522_1,-,Penton_1,-,1.1e-67,225.9,all,3300009091_assembled_Ga0102851_10000522,Penton
3300025646_assembled_Ga0208161_1000494_22,-,Penton_1,-,1.7e-67,225.3,all,3300025646_assembled_Ga0208161_1000494,Penton
3300025838_assembled_Ga0208872_1000426_6,-,Penton_1,-,5.5e-67,223.6,all,3300025838_assembled_Ga0208872_1000426,Penton
3300007541_assembled_Ga0099848_1000221_16,-,Penton_1,-,3e-65,217.9,all,3300007541_assembled_Ga0099848_1000221,Penton
3300010885_assembled_Ga0133913_10027335_15,-,Penton_1,-,7.9e-64,213.2,all,3300010885_assembled_Ga0133913_10027335,Penton
3300007734_assembled_Ga0104986_1721_24,-,Penton_1,-,4.6e-61,204.1,all,3300007734_assembled_Ga0104986_1721,Penton
3300000439_assembled_TBL_comb48_EPIDRAFT_1001871_14,-,Penton_1,-,2.1e-60,202,all,3300000439_assembled_TBL_comb48_EPIDRAFT_1001871,Penton
3300010413_assembled_Ga0136851_10008908_1,-,Penton_1,-,2.6e-57,191.8,all,3300010413_assembled_Ga0136851_10008908,Penton
3300017971_assembled_Ga0180438_10002894_11,-,Penton_1,-,8.9e-55,183.4,all,3300017971_assembled_Ga0180438_10002894,Penton
3300009151_assembled_Ga0114962_10001373_19,-,Penton_1,-,1.2e-54,182.9,all,3300009151_assembled_Ga0114962_10001373,Penton
3300009160_assembled_Ga0114981_10001519_5,-,Penton_1,-,4.3e-53,177.9,all,3300009160_assembled_Ga0114981_10001519,Penton
KM502591.1_24,-,Penton_1,-,1.8e-52,175.9,all,KM502591.1,Penton
3300009151_assembled_Ga0114962_10001691_8,-,Penton_1,-,8.2e-52,173.7,all,3300009151_assembled_Ga0114962_10001691,Penton
3300014204_assembled_Ga0172381_10002270_15,-,Penton_1,-,1.8e-50,169.2,all,3300014204_assembled_Ga0172381_10002270,Penton
3300017971_assembled_Ga0180438_10002894_12,-,Penton_1,-,4.9e-49,164.5,all,3300017971_assembled_Ga0180438_10002894,Penton
3300027749_assembled_Ga0209084_1000714_20,-,Penton_1,-,5.5e-47,157.8,all,3300027749_assembled_Ga0209084_1000714,Penton
3300009085_assembled_Ga0105103_10000772_14,-,Penton_1,-,1.7e-41,139.7,all,3300009085_assembled_Ga0105103_10000772,Penton
3300002835_assembled_B570J40625_100006411_5,-,Penton_1,-,1.1e-39,133.7,all,3300002835_assembled_B570J40625_100006411,Penton
3300010885_assembled_Ga0133913_10012712_24,-,Penton_1,-,2.5e-35,119.4,all,3300010885_assembled_Ga0133913_10012712,Penton
3300007734_assembled_Ga0104986_1721_1,-,Penton_1,-,7e-35,117.9,all,3300007734_assembled_Ga0104986_1721,Penton
3300005831_assembled_Ga0074471_10193221_22,-,Penton_1,-,2.7e-34,116,all,3300005831_assembled_Ga0074471_10193221,Penton
RCC970_016A_7,-,Penton_1,-,9e-32,107.7,all,RCC970_016A,Penton
BVI_001A_4,-,Penton_1,-,3.6e-30,102.4,all,BVI_001A,Penton
Cflag_017B_12,-,Penton_1,-,1.6e-28,97,all,Cflag_017B,Penton
3300010885_assembled_Ga0133913_10011061_26,-,Penton_1,-,2.1e-24,83.4,all,3300010885_assembled_Ga0133913_10011061,Penton
HQ712116.1_17,-,Penton_1,-,6.4e-24,81.9,all,HQ712116.1,Penton
3300010413_assembled_Ga0136851_10008908_22,-,Penton_1,-,2.2e-23,80.1,all,3300010413_assembled_Ga0136851_10008908,Penton
BVI_055B_4,-,Penton_1,-,4.9e-22,75.7,all,BVI_055B,Penton
E4-10_001_12,-,Penton_1,-,1.1e-19,67.9,all,E4-10_001,Penton
3300029911_assembled_Ga0311361_10011007_24,-,Penton_1,-,9.2e-18,61.6,all,3300029911_assembled_Ga0311361_10011007,Penton
BVI_058_12,-,Penton_1,-,1.3e-17,61,all,BVI_058,Penton
3300006109_assembled_Ga0007870_1000162_15,-,Penton_2,-,2.2e-171,567.9,all,3300006109_assembled_Ga0007870_1000162,Penton
3300009181_assembled_Ga0114969_10000735_7,-,Penton_2,-,4.7e-169,560.3,all,3300009181_assembled_Ga0114969_10000735,Penton
3300009151_assembled_Ga0114962_10000842_14,-,Penton_2,-,2.3e-166,551.4,all,3300009151_assembled_Ga0114962_10000842,Penton
3300009068_assembled_Ga0114973_10000639_12,-,Penton_2,-,1e-162,539.3,all,3300009068_assembled_Ga0114973_10000639,Penton
3300025838_assembled_Ga0208872_1000426_6,-,Penton_2,-,1.3e-162,539,all,3300025838_assembled_Ga0208872_1000426,Penton
3300027763_assembled_Ga0209088_10000481_7,-,Penton_2,-,1.2e-161,535.9,all,3300027763_assembled_Ga0209088_10000481,Penton
3300009068_assembled_Ga0114973_10000749_12,-,Penton_2,-,2.8e-161,534.6,all,3300009068_assembled_Ga0114973_10000749,Penton
3300010158_assembled_Ga0114960_10000772_22,-,Penton_2,-,5.4e-161,533.7,all,3300010158_assembled_Ga0114960_10000772,Penton
3300002091_assembled_JGI24028J26656_1000152_14,-,Penton_2,-,5.5e-160,530.3,all,3300002091_assembled_JGI24028J26656_1000152,Penton
3300009684_assembled_Ga0114958_10000782_23,-,Penton_2,-,6e-159,526.9,all,3300009684_assembled_Ga0114958_10000782,Penton
3300009184_assembled_Ga0114976_10000413_3,-,Penton_2,-,5.3e-158,523.8,all,3300009184_assembled_Ga0114976_10000413,Penton
3300009151_assembled_Ga0114962_10000818_12,-,Penton_2,-,5.6e-157,520.4,all,3300009151_assembled_Ga0114962_10000818,Penton
3300010885_assembled_Ga0133913_10007194_16,-,Penton_2,-,6.1e-157,520.3,all,3300010885_assembled_Ga0133913_10007194,Penton
3300010885_assembled_Ga0133913_10012256_3,-,Penton_2,-,2.4e-138,458.9,all,3300010885_assembled_Ga0133913_10012256,Penton
3300010885_assembled_Ga0133913_10008424_2,-,Penton_2,-,1.8e-133,442.9,all,3300010885_assembled_Ga0133913_10008424,Penton
3300010885_assembled_Ga0133913_10017077_18,-,Penton_2,-,1.5e-131,436.5,all,3300010885_assembled_Ga0133913_10017077,Penton
3300010885_assembled_Ga0133913_10011015_5,-,Penton_2,-,7.2e-111,368.4,all,3300010885_assembled_Ga0133913_10011015,Penton
3300007735_assembled_Ga0104988_10753_20,-,Penton_2,-,1.2e-100,334.6,all,3300007735_assembled_Ga0104988_10753,Penton
3300010885_assembled_Ga0133913_10008183_2,-,Penton_2,-,7.1e-99,328.8,all,3300010885_assembled_Ga0133913_10008183,Penton
3300027749_assembled_Ga0209084_1000714_20,-,Penton_2,-,2.8e-85,283.9,all,3300027749_assembled_Ga0209084_1000714,Penton
3300010885_assembled_Ga0133913_10009566_23,-,Penton_2,-,1.1e-84,282,all,3300010885_assembled_Ga0133913_10009566,Penton
KJ854379.1_19,-,Penton_2,-,8.7e-79,262.6,all,KJ854379.1,Penton
3300007540_assembled_Ga0099847_1000087_16,-,Penton_2,-,7.2e-78,259.5,all,3300007540_assembled_Ga0099847_1000087,Penton
3300010885_assembled_Ga0133913_10027335_15,-,Penton_2,-,8.2e-78,259.4,all,3300010885_assembled_Ga0133913_10027335,Penton
3300005582_assembled_Ga0049080_10000091_18,-,Penton_2,-,2.4e-77,257.8,all,3300005582_assembled_Ga0049080_10000091,Penton
3300010885_assembled_Ga0133913_10009934_11,-,Penton_2,-,4.6e-75,250.3,all,3300010885_assembled_Ga0133913_10009934,Penton
3300006916_assembled_Ga0070750_10000267_3,-,Penton_2,-,4.7e-75,250.2,all,3300006916_assembled_Ga0070750_10000267,Penton
3300027793_assembled_Ga0209972_10000880_23,-,Penton_2,-,1.7e-74,248.4,all,3300027793_assembled_Ga0209972_10000880,Penton
3300013094_assembled_Ga0164297_10001420_16,-,Penton_2,-,6.7e-74,246.4,all,3300013094_assembled_Ga0164297_10001420,Penton
3300027708_assembled_Ga0209188_1000973_20,-,Penton_2,-,8.8e-73,242.8,all,3300027708_assembled_Ga0209188_1000973,Penton
3300005747_assembled_Ga0076924_1015279_12,-,Penton_2,-,2e-72,241.6,all,3300005747_assembled_Ga0076924_1015279,Penton
3300009181_assembled_Ga0114969_10001288_5,-,Penton_2,-,3.3e-72,240.8,all,3300009181_assembled_Ga0114969_10001288,Penton
3300023174_assembled_Ga0214921_10004023_18,-,Penton_2,-,9.5e-71,236,all,3300023174_assembled_Ga0214921_10004023,Penton
3300027973_assembled_Ga0209298_10000424_8,-,Penton_2,-,1.3e-69,232.4,all,3300027973_assembled_Ga0209298_10000424,Penton
3300009180_assembled_Ga0114979_10000767_4,-,Penton_2,-,1.7e-69,231.9,all,3300009180_assembled_Ga0114979_10000767,Penton
3300010885_assembled_Ga0133913_10009135_6,-,Penton_2,-,4.9e-69,230.4,all,3300010885_assembled_Ga0133913_10009135,Penton
3300010334_assembled_Ga0136644_10000572_30,-,Penton_2,-,1e-68,229.3,all,3300010334_assembled_Ga0136644_10000572,Penton
3300002835_assembled_B570J40625_100005612_18,-,Penton_2,-,6.6e-68,226.7,all,3300002835_assembled_B570J40625_100005612,Penton
3300027769_assembled_Ga0209770_10000312_17,-,Penton_2,-,7.7e-68,226.4,all,3300027769_assembled_Ga0209770_10000312,Penton
3300010885_assembled_Ga0133913_10010443_10,-,Penton_2,-,1.3e-67,225.7,all,3300010885_assembled_Ga0133913_10010443,Penton
3300025401_assembled_Ga0207955_1000104_10,-,Penton_2,-,1.4e-67,225.6,all,3300025401_assembled_Ga0207955_1000104,Penton
3300010885_assembled_Ga0133913_10013167_19,-,Penton_2,-,9.9e-67,222.8,all,3300010885_assembled_Ga0133913_10013167,Penton
3300009163_assembled_Ga0114970_10000439_26,-,Penton_2,-,2.6e-64,214.8,all,3300009163_assembled_Ga0114970_10000439,Penton
3300009183_assembled_Ga0114974_10000518_26,-,Penton_2,-,2.6e-64,214.8,all,3300009183_assembled_Ga0114974_10000518,Penton
3300009183_assembled_Ga0114974_10001000_13,-,Penton_2,-,4.4e-64,214.1,all,3300009183_assembled_Ga0114974_10001000,Penton
3300025487_assembled_Ga0208105_1000377_2,-,Penton_2,-,4.5e-64,214,all,3300025487_assembled_Ga0208105_1000377,Penton
3300002835_assembled_B570J40625_100004419_13,-,Penton_2,-,6.7e-64,213.5,all,3300002835_assembled_B570J40625_100004419,Penton
3300010354_assembled_Ga0129333_10000799_17,-,Penton_2,-,6.9e-64,213.4,all,3300010354_assembled_Ga0129333_10000799,Penton
3300009154_assembled_Ga0114963_10000587_16,-,Penton_2,-,1.4e-60,202.6,all,3300009154_assembled_Ga0114963_10000587,Penton
OL828819.1_20,-,Penton_2,-,5.1e-60,200.7,all,OL828819.1,Penton
3300027777_assembled_Ga0209829_10000789_29,-,Penton_2,-,1.4e-58,195.9,all,3300027777_assembled_Ga0209829_10000789,Penton
3300032893_assembled_Ga0335069_10005211_20,-,Penton_2,-,7.2e-58,193.6,all,3300032893_assembled_Ga0335069_10005211,Penton
3300019487_assembled_Ga0187893_10009394_17,-,Penton_2,-,1.1e-56,189.6,all,3300019487_assembled_Ga0187893_10009394,Penton
3300028413_assembled_Ga0306870_1000093_8,-,Penton_2,-,3.5e-56,188,all,3300028413_assembled_Ga0306870_1000093,Penton
3300010885_assembled_Ga0133913_10015411_5,-,Penton_2,-,3.9e-53,178,all,3300010885_assembled_Ga0133913_10015411,Penton
3300010885_assembled_Ga0133913_10013256_20,-,Penton_2,-,9.1e-53,176.7,all,3300010885_assembled_Ga0133913_10013256,Penton
3300032665_assembled_Ga0316221_1001987_22,-,Penton_2,-,1.6e-50,169.3,all,3300032665_assembled_Ga0316221_1001987,Penton
KC556925.1_12,-,Penton_2,-,1.3e-46,156.5,all,KC556925.1,Penton
3300017971_assembled_Ga0180438_10003911_14,-,Penton_2,-,1.1e-45,153.4,all,3300017971_assembled_Ga0180438_10003911,Penton
3300021438_assembled_Ga0213920_1000796_15,-,Penton_2,-,8.1e-45,150.5,all,3300021438_assembled_Ga0213920_1000796,Penton
3300009182_assembled_Ga0114959_10001102_11,-,Penton_2,-,8.6e-45,150.5,all,3300009182_assembled_Ga0114959_10001102,Penton
3300009500_assembled_Ga0116229_10007006_19,-,Penton_2,-,2.1e-44,149.1,all,3300009500_assembled_Ga0116229_10007006,Penton
3300017971_assembled_Ga0180438_10003911_15,-,Penton_2,-,1.5e-42,143.1,all,3300017971_assembled_Ga0180438_10003911,Penton
3300009548_assembled_Ga0116107_1001113_13,-,Penton_2,-,1.7e-42,142.9,all,3300009548_assembled_Ga0116107_1001113,Penton
3300018022_assembled_Ga0187864_10002390_2,-,Penton_2,-,2.4e-42,142.4,all,3300018022_assembled_Ga0187864_10002390,Penton
3300014492_assembled_Ga0182013_10004328_12,-,Penton_2,-,2.7e-42,142.2,all,3300014492_assembled_Ga0182013_10004328,Penton
3300009151_assembled_Ga0114962_10001373_19,-,Penton_2,-,4.5e-42,141.5,all,3300009151_assembled_Ga0114962_10001373,Penton
3300029911_assembled_Ga0311361_10011007_1,-,Penton_2,-,4.5e-42,141.5,all,3300029911_assembled_Ga0311361_10011007,Penton
3300002092_assembled_JGI24218J26658_1000290_30,-,Penton_2,-,1.7e-41,139.6,all,3300002092_assembled_JGI24218J26658_1000290,Penton
JN603370.1_19,-,Penton_2,-,6.6e-40,134.3,all,JN603370.1,Penton
3300006114_assembled_Ga0007815_1000154_11,-,Penton_2,-,1.4e-39,133.3,all,3300006114_assembled_Ga0007815_1000154,Penton
3300035696_assembled_Ga0374055_0049619_21,-,Penton_2,-,1.9e-39,132.8,all,3300035696_assembled_Ga0374055_0049619,Penton
3300007734_assembled_Ga0104986_1721_24,-,Penton_2,-,8.5e-39,130.7,all,3300007734_assembled_Ga0104986_1721,Penton
3300017963_assembled_Ga0180437_10003822_11,-,Penton_2,-,2.1e-38,129.4,all,3300017963_assembled_Ga0180437_10003822,Penton
3300021168_assembled_Ga0210406_10003258_9,-,Penton_2,-,1.2e-36,123.6,all,3300021168_assembled_Ga0210406_10003258,Penton
3300024254_assembled_Ga0247661_1000063_9,-,Penton_2,-,5.1e-36,121.5,all,3300024254_assembled_Ga0247661_1000063,Penton
MG807318.2_11,-,Penton_2,-,8e-35,117.6,all,MG807318.2,Penton
3300032770_assembled_Ga0335085_10008907_18,-,Penton_2,-,1.6e-34,116.6,all,3300032770_assembled_Ga0335085_10008907,Penton
3300000439_assembled_TBL_comb48_EPIDRAFT_1001871_14,-,Penton_2,-,1e-27,94.2,all,3300000439_assembled_TBL_comb48_EPIDRAFT_1001871,Penton
3300010413_assembled_Ga0136851_10008908_21,-,Penton_2,-,1.1e-26,90.7,all,3300010413_assembled_Ga0136851_10008908,Penton
3300009111_assembled_Ga0115026_10000109_7,-,Penton_2,-,2.2e-26,89.7,all,3300009111_assembled_Ga0115026_10000109,Penton
3300007734_assembled_Ga0104986_1721_1,-,Penton_2,-,8.3e-26,87.8,all,3300007734_assembled_Ga0104986_1721,Penton
3300010413_assembled_Ga0136851_10008908_1,-,Penton_2,-,2.2e-25,86.5,all,3300010413_assembled_Ga0136851_10008908,Penton
3300025736_assembled_Ga0207997_1001135_8,-,Penton_2,-,4.9e-24,82,all,3300025736_assembled_Ga0207997_1001135,Penton
3300007541_assembled_Ga0099848_1000221_15,-,Penton_2,-,8.6e-24,81.2,all,3300007541_assembled_Ga0099848_1000221,Penton
3300009091_assembled_Ga0102851_10000522_1,-,Penton_2,-,3.8e-23,79.1,all,3300009091_assembled_Ga0102851_10000522,Penton
3300017971_assembled_Ga0180438_10002894_11,-,Penton_2,-,8.4e-20,68,all,3300017971_assembled_Ga0180438_10002894,Penton
3300025646_assembled_Ga0208161_1000494_22,-,Penton_2,-,1.1e-18,64.4,all,3300025646_assembled_Ga0208161_1000494,Penton
KM502591.1_24,-,Penton_2,-,1.9e-18,63.6,all,KM502591.1,Penton
3300007541_assembled_Ga0099848_1000221_16,-,Penton_2,-,5.2e-17,58.8,all,3300007541_assembled_Ga0099848_1000221,Penton
3300017971_assembled_Ga0180438_10002894_12,-,Penton_2,-,5.2e-16,55.5,all,3300017971_assembled_Ga0180438_10002894,Penton
3300027749_assembled_Ga0209084_1000714_20,-,Penton_3,-,8.4e-71,236.5,all,3300027749_assembled_Ga0209084_1000714,Penton
3300007735_assembled_Ga0104988_10753_20,-,Penton_3,-,2e-33,112.9,all,3300007735_assembled_Ga0104988_10753,Penton
3300010885_assembled_Ga0133913_10008424_2,-,Penton_3,-,2.6e-32,109.2,all,3300010885_assembled_Ga0133913_10008424,Penton
KJ854379.1_19,-,Penton_3,-,1.1e-31,107.1,all,KJ854379.1,Penton
3300010885_assembled_Ga0133913_10007194_16,-,Penton_3,-,8.4e-31,104.2,all,3300010885_assembled_Ga0133913_10007194,Penton
3300025838_assembled_Ga0208872_1000426_6,-,Penton_3,-,9.5e-31,104.1,all,3300025838_assembled_Ga0208872_1000426,Penton
3300010885_assembled_Ga0133913_10011015_5,-,Penton_3,-,2.6e-30,102.6,all,3300010885_assembled_Ga0133913_10011015,Penton
3300009684_assembled_Ga0114958_10000782_23,-,Penton_3,-,3.9e-30,102,all,3300009684_assembled_Ga0114958_10000782,Penton
3300010885_assembled_Ga0133913_10017077_18,-,Penton_3,-,9.3e-30,100.8,all,3300010885_assembled_Ga0133913_10017077,Penton
3300009184_assembled_Ga0114976_10000413_3,-,Penton_3,-,3e-29,99.1,all,3300009184_assembled_Ga0114976_10000413,Penton
3300010885_assembled_Ga0133913_10009566_23,-,Penton_3,-,3.2e-29,99,all,3300010885_assembled_Ga0133913_10009566,Penton
3300005582_assembled_Ga0049080_10000091_18,-,Penton_3,-,7.3e-29,97.8,all,3300005582_assembled_Ga0049080_10000091,Penton
3300007540_assembled_Ga0099847_1000087_16,-,Penton_3,-,2.7e-28,95.9,all,3300007540_assembled_Ga0099847_1000087,Penton
3300006109_assembled_Ga0007870_1000162_15,-,Penton_3,-,3e-28,95.8,all,3300006109_assembled_Ga0007870_1000162,Penton
3300002835_assembled_B570J40625_100005612_18,-,Penton_3,-,6.2e-28,94.8,all,3300002835_assembled_B570J40625_100005612,Penton
3300002091_assembled_JGI24028J26656_1000152_14,-,Penton_3,-,9.6e-28,94.1,all,3300002091_assembled_JGI24028J26656_1000152,Penton
3300009151_assembled_Ga0114962_10000818_12,-,Penton_3,-,4.3e-27,92,all,3300009151_assembled_Ga0114962_10000818,Penton
3300009068_assembled_Ga0114973_10000749_12,-,Penton_3,-,1.3e-26,90.3,all,3300009068_assembled_Ga0114973_10000749,Penton
3300010885_assembled_Ga0133913_10009934_11,-,Penton_3,-,8e-26,87.8,all,3300010885_assembled_Ga0133913_10009934,Penton
3300027763_assembled_Ga0209088_10000481_7,-,Penton_3,-,8.7e-26,87.7,all,3300027763_assembled_Ga0209088_10000481,Penton
3300010885_assembled_Ga0133913_10015411_5,-,Penton_3,-,9.3e-26,87.6,all,3300010885_assembled_Ga0133913_10015411,Penton
3300010885_assembled_Ga0133913_10008183_2,-,Penton_3,-,4.1e-25,85.4,all,3300010885_assembled_Ga0133913_10008183,Penton
3300010885_assembled_Ga0133913_10012256_3,-,Penton_3,-,3.4e-24,82.4,all,3300010885_assembled_Ga0133913_10012256,Penton
3300010158_assembled_Ga0114960_10000772_22,-,Penton_3,-,4e-24,82.1,all,3300010158_assembled_Ga0114960_10000772,Penton
3300025401_assembled_Ga0207955_1000104_10,-,Penton_3,-,5.9e-24,81.6,all,3300025401_assembled_Ga0207955_1000104,Penton
3300009181_assembled_Ga0114969_10000735_7,-,Penton_3,-,7.8e-24,81.2,all,3300009181_assembled_Ga0114969_10000735,Penton
3300027973_assembled_Ga0209298_10000424_8,-,Penton_3,-,1.3e-23,80.5,all,3300027973_assembled_Ga0209298_10000424,Penton
3300009151_assembled_Ga0114962_10000842_14,-,Penton_3,-,1.3e-23,80.4,all,3300009151_assembled_Ga0114962_10000842,Penton
3300009068_assembled_Ga0114973_10000639_12,-,Penton_3,-,1.6e-23,80.1,all,3300009068_assembled_Ga0114973_10000639,Penton
3300027769_assembled_Ga0209770_10000312_17,-,Penton_3,-,3.3e-23,79.1,all,3300027769_assembled_Ga0209770_10000312,Penton
3300013094_assembled_Ga0164297_10001420_16,-,Penton_3,-,1.5e-22,76.9,all,3300013094_assembled_Ga0164297_10001420,Penton
3300025487_assembled_Ga0208105_1000377_2,-,Penton_3,-,5.4e-22,75.1,all,3300025487_assembled_Ga0208105_1000377,Penton
3300009183_assembled_Ga0114974_10001000_13,-,Penton_3,-,6.9e-21,71.5,all,3300009183_assembled_Ga0114974_10001000,Penton
3300023174_assembled_Ga0214921_10004023_18,-,Penton_3,-,3e-20,69.4,all,3300023174_assembled_Ga0214921_10004023,Penton
3300028413_assembled_Ga0306870_1000093_8,-,Penton_3,-,3e-20,69.3,all,3300028413_assembled_Ga0306870_1000093,Penton
3300009181_assembled_Ga0114969_10001288_5,-,Penton_3,-,5.9e-20,68.4,all,3300009181_assembled_Ga0114969_10001288,Penton
3300009154_assembled_Ga0114963_10000587_16,-,Penton_3,-,3e-19,66,all,3300009154_assembled_Ga0114963_10000587,Penton
3300021438_assembled_Ga0213920_1000796_15,-,Penton_3,-,4.2e-19,65.6,all,3300021438_assembled_Ga0213920_1000796,Penton
3300027793_assembled_Ga0209972_10000880_23,-,Penton_3,-,4.5e-19,65.5,all,3300027793_assembled_Ga0209972_10000880,Penton
3300019487_assembled_Ga0187893_10009394_17,-,Penton_3,-,1.5e-18,63.7,all,3300019487_assembled_Ga0187893_10009394,Penton
3300009180_assembled_Ga0114979_10000767_4,-,Penton_3,-,3.1e-18,62.7,all,3300009180_assembled_Ga0114979_10000767,Penton
3300032893_assembled_Ga0335069_10005211_20,-,Penton_3,-,4.4e-18,62.2,all,3300032893_assembled_Ga0335069_10005211,Penton
3300027777_assembled_Ga0209829_10000789_29,-,Penton_3,-,8.1e-18,61.3,all,3300027777_assembled_Ga0209829_10000789,Penton
3300009163_assembled_Ga0114970_10000439_26,-,Penton_3,-,3.7e-17,59.1,all,3300009163_assembled_Ga0114970_10000439,Penton
3300006916_assembled_Ga0070750_10000267_3,-,Penton_3,-,4.4e-17,58.9,all,3300006916_assembled_Ga0070750_10000267,Penton
3300027708_assembled_Ga0209188_1000973_20,-,Penton_3,-,7.1e-17,58.2,all,3300027708_assembled_Ga0209188_1000973,Penton
3300032665_assembled_Ga0316221_1001987_22,-,Penton_3,-,1.2e-16,57.4,all,3300032665_assembled_Ga0316221_1001987,Penton
3300010885_assembled_Ga0133913_10013167_19,-,Penton_3,-,3e-16,56.1,all,3300010885_assembled_Ga0133913_10013167,Penton
3300010885_assembled_Ga0133913_10009135_6,-,Penton_3,-,4.2e-16,55.6,all,3300010885_assembled_Ga0133913_10009135,Penton
3300005747_assembled_Ga0076924_1015279_12,-,Penton_3,-,8.8e-16,54.6,all,3300005747_assembled_Ga0076924_1015279,Penton
3300010885_assembled_Ga0133913_10027335_15,-,Penton_3,-,1.8e-15,53.5,all,3300010885_assembled_Ga0133913_10027335,Penton
3300029911_assembled_Ga0311361_10011007_1,-,Penton_3,-,2.4e-15,53.1,all,3300029911_assembled_Ga0311361_10011007,Penton
3300009182_assembled_Ga0114959_10001102_11,-,Penton_3,-,1.3e-14,50.7,all,3300009182_assembled_Ga0114959_10001102,Penton
3300010885_assembled_Ga0133913_10011015_5,-,Penton_4,-,8.9e-210,694.3,all,3300010885_assembled_Ga0133913_10011015,Penton
3300007735_assembled_Ga0104988_10753_20,-,Penton_4,-,3.2e-197,652.9,all,3300007735_assembled_Ga0104988_10753,Penton
3300006109_assembled_Ga0007870_1000162_15,-,Penton_4,-,1.7e-73,245.1,all,3300006109_assembled_Ga0007870_1000162,Penton
3300009068_assembled_Ga0114973_10000639_12,-,Penton_4,-,1.4e-72,242.1,all,3300009068_assembled_Ga0114973_10000639,Penton
3300010158_assembled_Ga0114960_10000772_22,-,Penton_4,-,8.1e-71,236.3,all,3300010158_assembled_Ga0114960_10000772,Penton
3300009151_assembled_Ga0114962_10000818_12,-,Penton_4,-,8.8e-71,236.1,all,3300009151_assembled_Ga0114962_10000818,Penton
3300010885_assembled_Ga0133913_10008424_2,-,Penton_4,-,1.5e-69,232.1,all,3300010885_assembled_Ga0133913_10008424,Penton
3300027763_assembled_Ga0209088_10000481_7,-,Penton_4,-,7.4e-69,229.8,all,3300027763_assembled_Ga0209088_10000481,Penton
3300009684_assembled_Ga0114958_10000782_23,-,Penton_4,-,7.5e-69,229.8,all,3300009684_assembled_Ga0114958_10000782,Penton
3300009068_assembled_Ga0114973_10000749_12,-,Penton_4,-,1.4e-68,228.8,all,3300009068_assembled_Ga0114973_10000749,Penton
3300010885_assembled_Ga0133913_10007194_16,-,Penton_4,-,2.1e-68,228.3,all,3300010885_assembled_Ga0133913_10007194,Penton
3300009151_assembled_Ga0114962_10000842_14,-,Penton_4,-,1.3e-67,225.7,all,3300009151_assembled_Ga0114962_10000842,Penton
3300010885_assembled_Ga0133913_10017077_18,-,Penton_4,-,1.4e-67,225.5,all,3300010885_assembled_Ga0133913_10017077,Penton
3300009184_assembled_Ga0114976_10000413_3,-,Penton_4,-,8.1e-65,216.5,all,3300009184_assembled_Ga0114976_10000413,Penton
3300010885_assembled_Ga0133913_10012256_3,-,Penton_4,-,4.9e-61,204,all,3300010885_assembled_Ga0133913_10012256,Penton
3300002091_assembled_JGI24028J26656_1000152_14,-,Penton_4,-,7.6e-61,203.4,all,3300002091_assembled_JGI24028J26656_1000152,Penton
3300025838_assembled_Ga0208872_1000426_6,-,Penton_4,-,2.1e-60,201.9,all,3300025838_assembled_Ga0208872_1000426,Penton
3300009181_assembled_Ga0114969_10000735_7,-,Penton_4,-,5e-60,200.7,all,3300009181_assembled_Ga0114969_10000735,Penton
3300010885_assembled_Ga0133913_10008183_2,-,Penton_4,-,5.3e-56,187.4,all,3300010885_assembled_Ga0133913_10008183,Penton
3300028413_assembled_Ga0306870_1000093_8,-,Penton_4,-,4.5e-45,151.4,all,3300028413_assembled_Ga0306870_1000093,Penton
3300010885_assembled_Ga0133913_10009566_23,-,Penton_4,-,1.9e-43,146,all,3300010885_assembled_Ga0133913_10009566,Penton
3300007540_assembled_Ga0099847_1000087_16,-,Penton_4,-,9.4e-42,140.4,all,3300007540_assembled_Ga0099847_1000087,Penton
3300005582_assembled_Ga0049080_10000091_18,-,Penton_4,-,1e-39,133.8,all,3300005582_assembled_Ga0049080_10000091,Penton
3300027749_assembled_Ga0209084_1000714_20,-,Penton_4,-,9.2e-39,130.6,all,3300027749_assembled_Ga0209084_1000714,Penton
3300002835_assembled_B570J40625_100005612_18,-,Penton_4,-,5.3e-38,128.1,all,3300002835_assembled_B570J40625_100005612,Penton
KJ854379.1_19,-,Penton_4,-,1.9e-36,123,all,KJ854379.1,Penton
3300027973_assembled_Ga0209298_10000424_8,-,Penton_4,-,1.5e-35,120,all,3300027973_assembled_Ga0209298_10000424,Penton
3300010885_assembled_Ga0133913_10009135_6,-,Penton_4,-,2.9e-35,119,all,3300010885_assembled_Ga0133913_10009135,Penton
3300013094_assembled_Ga0164297_10001420_16,-,Penton_4,-,6.1e-35,118,all,3300013094_assembled_Ga0164297_10001420,Penton
3300009181_assembled_Ga0114969_10001288_5,-,Penton_4,-,1.6e-34,116.6,all,3300009181_assembled_Ga0114969_10001288,Penton
3300005747_assembled_Ga0076924_1015279_12,-,Penton_4,-,1.7e-34,116.5,all,3300005747_assembled_Ga0076924_1015279,Penton
3300009183_assembled_Ga0114974_10001000_13,-,Penton_4,-,4.2e-34,115.2,all,3300009183_assembled_Ga0114974_10001000,Penton
3300027793_assembled_Ga0209972_10000880_23,-,Penton_4,-,5.8e-34,114.7,all,3300027793_assembled_Ga0209972_10000880,Penton
3300032893_assembled_Ga0335069_10005211_20,-,Penton_4,-,1.3e-33,113.6,all,3300032893_assembled_Ga0335069_10005211,Penton
3300023174_assembled_Ga0214921_10004023_18,-,Penton_4,-,2e-33,113,all,3300023174_assembled_Ga0214921_10004023,Penton
3300010885_assembled_Ga0133913_10027335_15,-,Penton_4,-,2.7e-33,112.5,all,3300010885_assembled_Ga0133913_10027335,Penton
3300027769_assembled_Ga0209770_10000312_17,-,Penton_4,-,8.9e-33,110.9,all,3300027769_assembled_Ga0209770_10000312,Penton
3300025487_assembled_Ga0208105_1000377_2,-,Penton_4,-,8.9e-32,107.5,all,3300025487_assembled_Ga0208105_1000377,Penton
3300010885_assembled_Ga0133913_10009934_11,-,Penton_4,-,4.4e-31,105.3,all,3300010885_assembled_Ga0133913_10009934,Penton
3300010885_assembled_Ga0133913_10013167_19,-,Penton_4,-,6.9e-31,104.6,all,3300010885_assembled_Ga0133913_10013167,Penton
3300025401_assembled_Ga0207955_1000104_10,-,Penton_4,-,1.4e-30,103.6,all,3300025401_assembled_Ga0207955_1000104,Penton
3300009180_assembled_Ga0114979_10000767_4,-,Penton_4,-,3.7e-30,102.2,all,3300009180_assembled_Ga0114979_10000767,Penton
3300019487_assembled_Ga0187893_10009394_17,-,Penton_4,-,3.8e-30,102.2,all,3300019487_assembled_Ga0187893_10009394,Penton
3300027708_assembled_Ga0209188_1000973_20,-,Penton_4,-,1.9e-28,96.6,all,3300027708_assembled_Ga0209188_1000973,Penton
3300006916_assembled_Ga0070750_10000267_3,-,Penton_4,-,2.4e-28,96.3,all,3300006916_assembled_Ga0070750_10000267,Penton
3300009154_assembled_Ga0114963_10000587_16,-,Penton_4,-,1.4e-27,93.7,all,3300009154_assembled_Ga0114963_10000587,Penton
3300010885_assembled_Ga0133913_10010443_10,-,Penton_4,-,2e-27,93.2,all,3300010885_assembled_Ga0133913_10010443,Penton
3300009163_assembled_Ga0114970_10000439_26,-,Penton_4,-,3.1e-27,92.6,all,3300009163_assembled_Ga0114970_10000439,Penton
3300010885_assembled_Ga0133913_10013256_20,-,Penton_4,-,6.7e-26,88.2,all,3300010885_assembled_Ga0133913_10013256,Penton
JN603370.1_19,-,Penton_4,-,8.4e-25,84.6,all,JN603370.1,Penton
3300009500_assembled_Ga0116229_10007006_19,-,Penton_4,-,3.7e-24,82.5,all,3300009500_assembled_Ga0116229_10007006,Penton
3300027777_assembled_Ga0209829_10000789_29,-,Penton_4,-,8.9e-24,81.2,all,3300027777_assembled_Ga0209829_10000789,Penton
3300010334_assembled_Ga0136644_10000572_30,-,Penton_4,-,2e-23,80,all,3300010334_assembled_Ga0136644_10000572,Penton
3300010354_assembled_Ga0129333_10000799_17,-,Penton_4,-,5.6e-23,78.5,all,3300010354_assembled_Ga0129333_10000799,Penton
3300006114_assembled_Ga0007815_1000154_11,-,Penton_4,-,1.2e-22,77.5,all,3300006114_assembled_Ga0007815_1000154,Penton
OL828819.1_20,-,Penton_4,-,6.4e-22,75.1,all,OL828819.1,Penton
3300010885_assembled_Ga0133913_10015411_5,-,Penton_4,-,1.3e-21,74,all,3300010885_assembled_Ga0133913_10015411,Penton
3300009182_assembled_Ga0114959_10001102_11,-,Penton_4,-,1.7e-21,73.7,all,3300009182_assembled_Ga0114959_10001102,Penton
3300009183_assembled_Ga0114974_10000518_26,-,Penton_4,-,3.3e-21,72.7,all,3300009183_assembled_Ga0114974_10000518,Penton
3300032665_assembled_Ga0316221_1001987_22,-,Penton_4,-,1.6e-20,70.4,all,3300032665_assembled_Ga0316221_1001987,Penton
3300002092_assembled_JGI24218J26658_1000290_30,-,Penton_4,-,1.9e-20,70.2,all,3300002092_assembled_JGI24218J26658_1000290,Penton
3300017971_assembled_Ga0180438_10003911_14,-,Penton_4,-,1.9e-20,70.2,all,3300017971_assembled_Ga0180438_10003911,Penton
3300002835_assembled_B570J40625_100004419_13,-,Penton_4,-,3.1e-20,69.5,all,3300002835_assembled_B570J40625_100004419,Penton
3300018022_assembled_Ga0187864_10002390_2,-,Penton_4,-,5.7e-20,68.6,all,3300018022_assembled_Ga0187864_10002390,Penton
3300029911_assembled_Ga0311361_10011007_1,-,Penton_4,-,3.3e-19,66.1,all,3300029911_assembled_Ga0311361_10011007,Penton
3300021438_assembled_Ga0213920_1000796_15,-,Penton_4,-,4.2e-19,65.8,all,3300021438_assembled_Ga0213920_1000796,Penton
3300014492_assembled_Ga0182013_10004328_12,-,Penton_4,-,6e-19,65.3,all,3300014492_assembled_Ga0182013_10004328,Penton
MG807318.2_11,-,Penton_4,-,1.6e-18,63.9,all,MG807318.2,Penton
3300017971_assembled_Ga0180438_10003911_15,-,Penton_4,-,4.7e-18,62.3,all,3300017971_assembled_Ga0180438_10003911,Penton
3300010413_assembled_Ga0136851_10008908_1,-,Penton_4,-,1.6e-16,57.3,all,3300010413_assembled_Ga0136851_10008908,Penton
3300025736_assembled_Ga0207997_1001135_8,-,Penton_4,-,1.8e-16,57.1,all,3300025736_assembled_Ga0207997_1001135,Penton
3300032770_assembled_Ga0335085_10008907_18,-,Penton_4,-,3.2e-16,56.3,all,3300032770_assembled_Ga0335085_10008907,Penton
3300021168_assembled_Ga0210406_10003258_9,-,Penton_4,-,3.6e-16,56.1,all,3300021168_assembled_Ga0210406_10003258,Penton
KC556925.1_12,-,Penton_4,-,3.8e-16,56,all,KC556925.1,Penton
3300035696_assembled_Ga0374055_0049619_21,-,Penton_4,-,5.7e-16,55.4,all,3300035696_assembled_Ga0374055_0049619,Penton
3300009091_assembled_Ga0102851_10000522_1,-,Penton_4,-,6e-16,55.4,all,3300009091_assembled_Ga0102851_10000522,Penton
3300009548_assembled_Ga0116107_1001113_13,-,Penton_4,-,7e-16,55.2,all,3300009548_assembled_Ga0116107_1001113,Penton
3300010885_assembled_Ga0133913_10011061_26,-,Penton_6,-,0,1189.5,all,3300010885_assembled_Ga0133913_10011061,Penton
3300025646_assembled_Ga0208161_1000494_22,-,Penton_6,-,5.9e-34,114.5,all,3300025646_assembled_Ga0208161_1000494,Penton
3300009548_assembled_Ga0116107_1001113_13,-,Penton_6,-,1.2e-33,113.4,all,3300009548_assembled_Ga0116107_1001113,Penton
3300007541_assembled_Ga0099848_1000221_15,-,Penton_6,-,1.5e-30,103.3,all,3300007541_assembled_Ga0099848_1000221,Penton
3300007541_assembled_Ga0099848_1000221_16,-,Penton_6,-,1.6e-26,89.9,all,3300007541_assembled_Ga0099848_1000221,Penton
3300024254_assembled_Ga0247661_1000063_9,-,Penton_6,-,3.5e-25,85.4,all,3300024254_assembled_Ga0247661_1000063,Penton
3300017971_assembled_Ga0180438_10003911_14,-,Penton_6,-,4.2e-25,85.2,all,3300017971_assembled_Ga0180438_10003911,Penton
3300027708_assembled_Ga0209188_1000973_20,-,Penton_6,-,2.9e-24,82.4,all,3300027708_assembled_Ga0209188_1000973,Penton
3300002835_assembled_B570J40625_100005612_18,-,Penton_6,-,7.8e-24,81,all,3300002835_assembled_B570J40625_100005612,Penton
3300017971_assembled_Ga0180438_10003911_15,-,Penton_6,-,2e-23,79.6,all,3300017971_assembled_Ga0180438_10003911,Penton
3300010885_assembled_Ga0133913_10013256_20,-,Penton_6,-,5e-23,78.3,all,3300010885_assembled_Ga0133913_10013256,Penton
3300032770_assembled_Ga0335085_10008907_18,-,Penton_6,-,2.4e-22,76,all,3300032770_assembled_Ga0335085_10008907,Penton
3300009500_assembled_Ga0116229_10007006_19,-,Penton_6,-,8.2e-22,74.3,all,3300009500_assembled_Ga0116229_10007006,Penton
3300009181_assembled_Ga0114969_10001288_5,-,Penton_6,-,2.1e-20,69.6,all,3300009181_assembled_Ga0114969_10001288,Penton
3300010413_assembled_Ga0136851_10008908_21,-,Penton_6,-,2.3e-20,69.5,all,3300010413_assembled_Ga0136851_10008908,Penton
3300009091_assembled_Ga0102851_10000522_1,-,Penton_6,-,2.6e-20,69.3,all,3300009091_assembled_Ga0102851_10000522,Penton
3300018022_assembled_Ga0187864_10002390_2,-,Penton_6,-,3.2e-20,69,all,3300018022_assembled_Ga0187864_10002390,Penton
3300007540_assembled_Ga0099847_1000087_16,-,Penton_6,-,4.9e-20,68.4,all,3300007540_assembled_Ga0099847_1000087,Penton
3300006916_assembled_Ga0070750_10000267_3,-,Penton_6,-,6e-20,68.1,all,3300006916_assembled_Ga0070750_10000267,Penton
3300019487_assembled_Ga0187893_10009394_17,-,Penton_6,-,1.4e-19,66.9,all,3300019487_assembled_Ga0187893_10009394,Penton
3300025736_assembled_Ga0207997_1001135_8,-,Penton_6,-,1.7e-19,66.6,all,3300025736_assembled_Ga0207997_1001135,Penton
3300009182_assembled_Ga0114959_10001102_11,-,Penton_6,-,3.1e-19,65.7,all,3300009182_assembled_Ga0114959_10001102,Penton
3300017963_assembled_Ga0180437_10003822_11,-,Penton_6,-,2.9e-18,62.5,all,3300017963_assembled_Ga0180437_10003822,Penton
3300005747_assembled_Ga0076924_1015279_12,-,Penton_6,-,4.7e-18,61.8,all,3300005747_assembled_Ga0076924_1015279,Penton
3300023174_assembled_Ga0214921_10004023_18,-,Penton_6,-,6.3e-18,61.4,all,3300023174_assembled_Ga0214921_10004023,Penton
3300009111_assembled_Ga0115026_10000109_7,-,Penton_6,-,1e-17,60.7,all,3300009111_assembled_Ga0115026_10000109,Penton
3300025401_assembled_Ga0207955_1000104_10,-,Penton_6,-,1.1e-17,60.6,all,3300025401_assembled_Ga0207955_1000104,Penton
3300009163_assembled_Ga0114970_10000439_26,-,Penton_6,-,1.1e-17,60.6,all,3300009163_assembled_Ga0114970_10000439,Penton
3300002092_assembled_JGI24218J26658_1000290_30,-,Penton_6,-,1.3e-17,60.4,all,3300002092_assembled_JGI24218J26658_1000290,Penton
3300021168_assembled_Ga0210406_10003258_9,-,Penton_6,-,1.7e-17,60,all,3300021168_assembled_Ga0210406_10003258,Penton
3300021438_assembled_Ga0213920_1000796_15,-,Penton_6,-,2.9e-17,59.2,all,3300021438_assembled_Ga0213920_1000796,Penton
3300027769_assembled_Ga0209770_10000312_17,-,Penton_6,-,3.3e-17,59,all,3300027769_assembled_Ga0209770_10000312,Penton
3300009154_assembled_Ga0114963_10000587_16,-,Penton_6,-,3.7e-17,58.9,all,3300009154_assembled_Ga0114963_10000587,Penton
3300009180_assembled_Ga0114979_10000767_4,-,Penton_6,-,4.3e-17,58.6,all,3300009180_assembled_Ga0114979_10000767,Penton
3300032893_assembled_Ga0335069_10005211_20,-,Penton_6,-,6.2e-17,58.1,all,3300032893_assembled_Ga0335069_10005211,Penton
3300010413_assembled_Ga0136851_10008908_1,-,Penton_6,-,1e-16,57.4,all,3300010413_assembled_Ga0136851_10008908,Penton
KJ854379.1_19,-,Penton_6,-,2.8e-16,56,all,KJ854379.1,Penton
MG807318.2_11,-,Penton_6,-,3.5e-16,55.6,all,MG807318.2,Penton
3300035696_assembled_Ga0374055_0049619_21,-,Penton_6,-,4.5e-16,55.3,all,3300035696_assembled_Ga0374055_0049619,Penton
3300017971_assembled_Ga0180438_10002894_11,-,Penton_6,-,6.5e-16,54.7,all,3300017971_assembled_Ga0180438_10002894,Penton
3300007734_assembled_Ga0104986_1721_24,-,Penton_6,-,1.5e-15,53.6,all,3300007734_assembled_Ga0104986_1721,Penton
JN603370.1_19,-,Penton_6,-,2.9e-15,52.6,all,JN603370.1,Penton
3300006114_assembled_Ga0007815_1000154_11,-,Penton_6,-,4.2e-15,52,all,3300006114_assembled_Ga0007815_1000154,Penton
3300014492_assembled_Ga0182013_10004328_12,-,Penton_6,-,5.4e-15,51.7,all,3300014492_assembled_Ga0182013_10004328,Penton
3300010334_assembled_Ga0136644_10000572_30,-,Penton_6,-,1.5e-14,50.2,all,3300010334_assembled_Ga0136644_10000572,Penton
3300007541_assembled_Ga0099848_1000221_15,-,Penton_7,-,1.1e-45,153.5,all,3300007541_assembled_Ga0099848_1000221,Penton
3300010885_assembled_Ga0133913_10011061_26,-,Penton_7,-,2.8e-38,129,all,3300010885_assembled_Ga0133913_10011061,Penton
3300017971_assembled_Ga0180438_10003911_15,-,Penton_7,-,4.1e-35,118.6,all,3300017971_assembled_Ga0180438_10003911,Penton
3300009548_assembled_Ga0116107_1001113_13,-,Penton_7,-,1.7e-32,109.9,all,3300009548_assembled_Ga0116107_1001113,Penton
3300025646_assembled_Ga0208161_1000494_22,-,Penton_7,-,1.2e-31,107.1,all,3300025646_assembled_Ga0208161_1000494,Penton
3300017963_assembled_Ga0180437_10003822_11,-,Penton_7,-,1e-30,104.1,all,3300017963_assembled_Ga0180437_10003822,Penton
3300017971_assembled_Ga0180438_10003911_14,-,Penton_7,-,3.8e-30,102.2,all,3300017971_assembled_Ga0180438_10003911,Penton
3300027769_assembled_Ga0209770_10000312_17,-,Penton_7,-,4.7e-30,101.9,all,3300027769_assembled_Ga0209770_10000312,Penton
MG807318.2_11,-,Penton_7,-,7.9e-30,101.1,all,MG807318.2,Penton
JN603370.1_19,-,Penton_7,-,4.8e-27,91.9,all,JN603370.1,Penton
3300010413_assembled_Ga0136851_10008908_21,-,Penton_7,-,7.7e-27,91.2,all,3300010413_assembled_Ga0136851_10008908,Penton
3300007541_assembled_Ga0099848_1000221_16,-,Penton_7,-,1.1e-25,87.4,all,3300007541_assembled_Ga0099848_1000221,Penton
3300009154_assembled_Ga0114963_10000587_16,-,Penton_7,-,1.6e-25,86.9,all,3300009154_assembled_Ga0114963_10000587,Penton
3300009181_assembled_Ga0114969_10001288_5,-,Penton_7,-,1.8e-23,80.2,all,3300009181_assembled_Ga0114969_10001288,Penton
3300010885_assembled_Ga0133913_10009934_11,-,Penton_7,-,2.8e-23,79.5,all,3300010885_assembled_Ga0133913_10009934,Penton
3300021168_assembled_Ga0210406_10003258_9,-,Penton_7,-,7.8e-23,78,all,3300021168_assembled_Ga0210406_10003258,Penton
3300005747_assembled_Ga0076924_1015279_12,-,Penton_7,-,1.7e-22,76.9,all,3300005747_assembled_Ga0076924_1015279,Penton
3300010885_assembled_Ga0133913_10013256_20,-,Penton_7,-,3.5e-22,75.9,all,3300010885_assembled_Ga0133913_10013256,Penton
3300028413_assembled_Ga0306870_1000093_8,-,Penton_7,-,9.2e-22,74.5,all,3300028413_assembled_Ga0306870_1000093,Penton
3300027777_assembled_Ga0209829_10000789_29,-,Penton_7,-,1.2e-21,74.1,all,3300027777_assembled_Ga0209829_10000789,Penton
3300024254_assembled_Ga0247661_1000063_9,-,Penton_7,-,1.4e-21,73.8,all,3300024254_assembled_Ga0247661_1000063,Penton
3300021438_assembled_Ga0213920_1000796_15,-,Penton_7,-,1.8e-21,73.5,all,3300021438_assembled_Ga0213920_1000796,Penton
3300018022_assembled_Ga0187864_10002390_2,-,Penton_7,-,2.4e-21,73.1,all,3300018022_assembled_Ga0187864_10002390,Penton
3300032893_assembled_Ga0335069_10005211_20,-,Penton_7,-,8.3e-21,71.3,all,3300032893_assembled_Ga0335069_10005211,Penton
3300035696_assembled_Ga0374055_0049619_21,-,Penton_7,-,1.8e-20,70.2,all,3300035696_assembled_Ga0374055_0049619,Penton
3300009500_assembled_Ga0116229_10007006_19,-,Penton_7,-,2.9e-20,69.5,all,3300009500_assembled_Ga0116229_10007006,Penton
3300007540_assembled_Ga0099847_1000087_16,-,Penton_7,-,4e-20,69.1,all,3300007540_assembled_Ga0099847_1000087,Penton
3300006916_assembled_Ga0070750_10000267_3,-,Penton_7,-,7e-20,68.3,all,3300006916_assembled_Ga0070750_10000267,Penton
3300009091_assembled_Ga0102851_10000522_1,-,Penton_7,-,9.6e-20,67.8,all,3300009091_assembled_Ga0102851_10000522,Penton
3300014204_assembled_Ga0172381_10002270_15,-,Penton_7,-,1.9e-19,66.9,all,3300014204_assembled_Ga0172381_10002270,Penton
3300005582_assembled_Ga0049080_10000091_18,-,Penton_7,-,3.9e-19,65.8,all,3300005582_assembled_Ga0049080_10000091,Penton
3300029911_assembled_Ga0311361_10011007_1,-,Penton_7,-,4.5e-19,65.6,all,3300029911_assembled_Ga0311361_10011007,Penton
3300023174_assembled_Ga0214921_10004023_18,-,Penton_7,-,4.9e-19,65.5,all,3300023174_assembled_Ga0214921_10004023,Penton
3300019487_assembled_Ga0187893_10009394_17,-,Penton_7,-,6.8e-19,65,all,3300019487_assembled_Ga0187893_10009394,Penton
3300027708_assembled_Ga0209188_1000973_20,-,Penton_7,-,9.8e-19,64.5,all,3300027708_assembled_Ga0209188_1000973,Penton
3300014492_assembled_Ga0182013_10004328_12,-,Penton_7,-,1.7e-18,63.7,all,3300014492_assembled_Ga0182013_10004328,Penton
3300025736_assembled_Ga0207997_1001135_8,-,Penton_7,-,2.2e-18,63.3,all,3300025736_assembled_Ga0207997_1001135,Penton
3300002835_assembled_B570J40625_100005612_18,-,Penton_7,-,4.4e-18,62.3,all,3300002835_assembled_B570J40625_100005612,Penton
3300000439_assembled_TBL_comb48_EPIDRAFT_1001871_14,-,Penton_7,-,7.7e-18,61.5,all,3300000439_assembled_TBL_comb48_EPIDRAFT_1001871,Penton
3300009182_assembled_Ga0114959_10001102_11,-,Penton_7,-,4.4e-17,59,all,3300009182_assembled_Ga0114959_10001102,Penton
3300006114_assembled_Ga0007815_1000154_11,-,Penton_7,-,9e-17,58,all,3300006114_assembled_Ga0007815_1000154,Penton
3300032770_assembled_Ga0335085_10008907_18,-,Penton_7,-,1.9e-16,56.9,all,3300032770_assembled_Ga0335085_10008907,Penton
3300027973_assembled_Ga0209298_10000424_8,-,Penton_7,-,2.6e-16,56.5,all,3300027973_assembled_Ga0209298_10000424,Penton
3300017971_assembled_Ga0180438_10002894_12,-,Penton_7,-,1e-15,54.5,all,3300017971_assembled_Ga0180438_10002894,Penton
3300025401_assembled_Ga0207955_1000104_10,-,Penton_7,-,2.1e-15,53.5,all,3300025401_assembled_Ga0207955_1000104,Penton
3300009163_assembled_Ga0114970_10000439_26,-,Penton_7,-,4.2e-15,52.5,all,3300009163_assembled_Ga0114970_10000439,Penton
3300010885_assembled_Ga0133913_10015411_5,-,Penton_7,-,4.3e-15,52.4,all,3300010885_assembled_Ga0133913_10015411,Penton
3300002092_assembled_JGI24218J26658_1000290_30,-,Penton_7,-,7.9e-15,51.6,all,3300002092_assembled_JGI24218J26658_1000290,Penton
3300009068_assembled_Ga0114973_10000749_11,-,PRO_1,-,1.7e-75,250.7,all,3300009068_assembled_Ga0114973_10000749,PRO
3300009068_assembled_Ga0114973_10000639_11,-,PRO_1,-,3.8e-75,249.6,all,3300009068_assembled_Ga0114973_10000639,PRO
3300009151_assembled_Ga0114962_10000818_13,-,PRO_1,-,8.4e-74,245.2,all,3300009151_assembled_Ga0114962_10000818,PRO
3300009181_assembled_Ga0114969_10000735_8,-,PRO_1,-,1.6e-71,237.7,all,3300009181_assembled_Ga0114969_10000735,PRO
3300010885_assembled_Ga0133913_10007194_17,-,PRO_1,-,5.2e-71,236.1,all,3300010885_assembled_Ga0133913_10007194,PRO
3300032893_assembled_Ga0335069_10005211_19,-,PRO_1,-,6.6e-71,235.7,all,3300032893_assembled_Ga0335069_10005211,PRO
3300010885_assembled_Ga0133913_10017077_17,-,PRO_1,-,3.4e-70,233.4,all,3300010885_assembled_Ga0133913_10017077,PRO
3300010158_assembled_Ga0114960_10000772_21,-,PRO_1,-,4.1e-70,233.1,all,3300010158_assembled_Ga0114960_10000772,PRO
3300010885_assembled_Ga0133913_10012256_2,-,PRO_1,-,4.7e-69,229.7,all,3300010885_assembled_Ga0133913_10012256,PRO
MG807318.2_18,-,PRO_1,-,1e-68,228.6,all,MG807318.2,PRO
3300027763_assembled_Ga0209088_10000481_8,-,PRO_1,-,1.9e-68,227.7,all,3300027763_assembled_Ga0209088_10000481,PRO
3300025838_assembled_Ga0208872_1000426_7,-,PRO_1,-,5.7e-68,226.1,all,3300025838_assembled_Ga0208872_1000426,PRO
3300009151_assembled_Ga0114962_10000842_15,-,PRO_1,-,1.1e-67,225.2,all,3300009151_assembled_Ga0114962_10000842,PRO
3300010885_assembled_Ga0133913_10011015_4,-,PRO_1,-,1.1e-67,225.1,all,3300010885_assembled_Ga0133913_10011015,PRO
3300007735_assembled_Ga0104988_10753_19,-,PRO_1,-,1.7e-67,224.6,all,3300007735_assembled_Ga0104988_10753,PRO
3300009548_assembled_Ga0116107_1001113_12,-,PRO_1,-,1.9e-67,224.4,all,3300009548_assembled_Ga0116107_1001113,PRO
3300009184_assembled_Ga0114976_10000413_4,-,PRO_1,-,2.2e-67,224.2,all,3300009184_assembled_Ga0114976_10000413,PRO
3300029911_assembled_Ga0311361_10011007_22,-,PRO_1,-,2.4e-67,224,all,3300029911_assembled_Ga0311361_10011007,PRO
3300014492_assembled_Ga0182013_10004328_11,-,PRO_1,-,2.9e-67,223.8,all,3300014492_assembled_Ga0182013_10004328,PRO
3300006109_assembled_Ga0007870_1000162_14,-,PRO_1,-,1.8e-66,221.2,all,3300006109_assembled_Ga0007870_1000162,PRO
3300032770_assembled_Ga0335085_10008907_8,-,PRO_1,-,7.9e-66,219.1,all,3300032770_assembled_Ga0335085_10008907,PRO
3300010885_assembled_Ga0133913_10008183_3,-,PRO_1,-,9.2e-66,218.9,all,3300010885_assembled_Ga0133913_10008183,PRO
JN603370.1_9,-,PRO_1,-,1.7e-65,218,all,JN603370.1,PRO
3300035696_assembled_Ga0374055_0049619_22,-,PRO_1,-,8.6e-64,212.4,all,3300035696_assembled_Ga0374055_0049619,PRO
3300002091_assembled_JGI24028J26656_1000152_15,-,PRO_1,-,1e-63,212.2,all,3300002091_assembled_JGI24028J26656_1000152,PRO
3300019487_assembled_Ga0187893_10009394_16,-,PRO_1,-,1.7e-63,211.5,all,3300019487_assembled_Ga0187893_10009394,PRO
3300024254_assembled_Ga0247661_1000063_10,-,PRO_1,-,3.2e-63,210.6,all,3300024254_assembled_Ga0247661_1000063,PRO
3300010413_assembled_Ga0136851_10008908_20,-,PRO_1,-,3.7e-63,210.4,all,3300010413_assembled_Ga0136851_10008908,PRO
3300009684_assembled_Ga0114958_10000782_22,-,PRO_1,-,5.2e-63,209.9,all,3300009684_assembled_Ga0114958_10000782,PRO
3300021168_assembled_Ga0210406_10003258_10,-,PRO_1,-,5.4e-63,209.8,all,3300021168_assembled_Ga0210406_10003258,PRO
3300010885_assembled_Ga0133913_10013256_21,-,PRO_1,-,7.2e-63,209.4,all,3300010885_assembled_Ga0133913_10013256,PRO
3300018022_assembled_Ga0187864_10002390_3,-,PRO_1,-,1.5e-62,208.4,all,3300018022_assembled_Ga0187864_10002390,PRO
3300007734_assembled_Ga0104986_1721_11,-,PRO_1,-,3.6e-62,207.1,all,3300007734_assembled_Ga0104986_1721,PRO
3300025646_assembled_Ga0208161_1000494_23,-,PRO_1,-,5.6e-62,206.5,all,3300025646_assembled_Ga0208161_1000494,PRO
3300009181_assembled_Ga0114969_10001288_13,-,PRO_1,-,6.2e-62,206.4,all,3300009181_assembled_Ga0114969_10001288,PRO
3300010885_assembled_Ga0133913_10009135_21,-,PRO_1,-,3.5e-61,203.9,all,3300010885_assembled_Ga0133913_10009135,PRO
3300017971_assembled_Ga0180438_10003911_16,-,PRO_1,-,5.8e-61,203.2,all,3300017971_assembled_Ga0180438_10003911,PRO
3300009180_assembled_Ga0114979_10000767_18,-,PRO_1,-,8.4e-61,202.7,all,3300009180_assembled_Ga0114979_10000767,PRO
3300017963_assembled_Ga0180437_10003822_10,-,PRO_1,-,1e-60,202.4,all,3300017963_assembled_Ga0180437_10003822,PRO
3300009500_assembled_Ga0116229_10007006_20,-,PRO_1,-,3.6e-60,200.6,all,3300009500_assembled_Ga0116229_10007006,PRO
3300010885_assembled_Ga0133913_10015411_8,-,PRO_1,-,4.7e-60,200.2,all,3300010885_assembled_Ga0133913_10015411,PRO
3300021438_assembled_Ga0213920_1000796_14,-,PRO_1,-,1.1e-59,199,all,3300021438_assembled_Ga0213920_1000796,PRO
3300010885_assembled_Ga0133913_10013167_16,-,PRO_1,-,1.7e-59,198.4,all,3300010885_assembled_Ga0133913_10013167,PRO
3300010334_assembled_Ga0136644_10000572_7,-,PRO_1,-,2.5e-59,197.8,all,3300010334_assembled_Ga0136644_10000572,PRO
3300007541_assembled_Ga0099848_1000221_12,-,PRO_1,-,2.7e-59,197.7,all,3300007541_assembled_Ga0099848_1000221,PRO
3300013094_assembled_Ga0164297_10001420_11,-,PRO_1,-,4.2e-59,197.1,all,3300013094_assembled_Ga0164297_10001420,PRO
3300010885_assembled_Ga0133913_10010443_4,-,PRO_1,-,4.8e-59,196.9,all,3300010885_assembled_Ga0133913_10010443,PRO
3300027793_assembled_Ga0209972_10000880_3,-,PRO_1,-,1.2e-58,195.6,all,3300027793_assembled_Ga0209972_10000880,PRO
3300002835_assembled_B570J40625_100004419_3,-,PRO_1,-,1.3e-58,195.5,all,3300002835_assembled_B570J40625_100004419,PRO
3300023174_assembled_Ga0214921_10004023_15,-,PRO_1,-,2.3e-58,194.7,all,3300023174_assembled_Ga0214921_10004023,PRO
3300005582_assembled_Ga0049080_10000091_9,-,PRO_1,-,5.7e-58,193.4,all,3300005582_assembled_Ga0049080_10000091,PRO
3300027708_assembled_Ga0209188_1000973_11,-,PRO_1,-,1.5e-57,192,all,3300027708_assembled_Ga0209188_1000973,PRO
3300025736_assembled_Ga0207997_1001135_7,-,PRO_1,-,1.6e-57,191.9,all,3300025736_assembled_Ga0207997_1001135,PRO
KC556925.1_11,-,PRO_1,-,2.7e-57,191.2,all,KC556925.1,PRO
3300009183_assembled_Ga0114974_10000518_5,-,PRO_1,-,5.7e-57,190.1,all,3300009183_assembled_Ga0114974_10000518,PRO
3300027769_assembled_Ga0209770_10000312_22,-,PRO_1,-,6.2e-57,190,all,3300027769_assembled_Ga0209770_10000312,PRO
3300009091_assembled_Ga0102851_10000522_25,-,PRO_1,-,2.1e-56,188.3,all,3300009091_assembled_Ga0102851_10000522,PRO
3300010354_assembled_Ga0129333_10000799_7,-,PRO_1,-,2.8e-56,187.8,all,3300010354_assembled_Ga0129333_10000799,PRO
3300010885_assembled_Ga0133913_10009566_28,-,PRO_1,-,3.3e-56,187.6,all,3300010885_assembled_Ga0133913_10009566,PRO
3300009183_assembled_Ga0114974_10001000_10,-,PRO_1,-,5.7e-56,186.8,all,3300009183_assembled_Ga0114974_10001000,PRO
KJ854379.1_6,-,PRO_1,-,9.9e-56,186.1,all,KJ854379.1,PRO
3300009151_assembled_Ga0114962_10001373_17,-,PRO_1,-,1.2e-55,185.9,all,3300009151_assembled_Ga0114962_10001373,PRO
3300000439_assembled_TBL_comb48_EPIDRAFT_1001871_15,-,PRO_1,-,1.6e-55,185.4,all,3300000439_assembled_TBL_comb48_EPIDRAFT_1001871,PRO
OL828819.1_7,-,PRO_1,-,2.8e-55,184.6,all,OL828819.1,PRO
3300009154_assembled_Ga0114963_10000587_20,-,PRO_1,-,4.3e-55,184,all,3300009154_assembled_Ga0114963_10000587,PRO
3300025401_assembled_Ga0207955_1000104_20,-,PRO_1,-,5.5e-55,183.6,all,3300025401_assembled_Ga0207955_1000104,PRO
3300027973_assembled_Ga0209298_10000424_3,-,PRO_1,-,2.7e-54,181.4,all,3300027973_assembled_Ga0209298_10000424,PRO
3300032665_assembled_Ga0316221_1001987_11,-,PRO_1,-,3.7e-54,180.9,all,3300032665_assembled_Ga0316221_1001987,PRO
3300025487_assembled_Ga0208105_1000377_13,-,PRO_1,-,7.6e-54,179.9,all,3300025487_assembled_Ga0208105_1000377,PRO
3300009163_assembled_Ga0114970_10000439_4,-,PRO_1,-,2.5e-53,178.2,all,3300009163_assembled_Ga0114970_10000439,PRO
3300002835_assembled_B570J40625_100005612_13,-,PRO_1,-,3.3e-53,177.8,all,3300002835_assembled_B570J40625_100005612,PRO
3300007540_assembled_Ga0099847_1000087_11,-,PRO_1,-,4.3e-53,177.4,all,3300007540_assembled_Ga0099847_1000087,PRO
3300006916_assembled_Ga0070750_10000267_26,-,PRO_1,-,9.7e-53,176.3,all,3300006916_assembled_Ga0070750_10000267,PRO
3300005747_assembled_Ga0076924_1015279_16,-,PRO_1,-,8.2e-51,170,all,3300005747_assembled_Ga0076924_1015279,PRO
BVI_055B_6,-,PRO_1,-,9.3e-51,169.8,all,BVI_055B,PRO
HQ712116.1_16,-,PRO_1,-,9.3e-51,169.8,all,HQ712116.1,PRO
3300010885_assembled_Ga0133913_10012712_22,-,PRO_1,-,1.8e-50,168.8,all,3300010885_assembled_Ga0133913_10012712,PRO
3300027749_assembled_Ga0209084_1000714_19,-,PRO_1,-,4.2e-50,167.7,all,3300027749_assembled_Ga0209084_1000714,PRO
3300009160_assembled_Ga0114981_10001519_2,-,PRO_1,-,4.6e-50,167.5,all,3300009160_assembled_Ga0114981_10001519,PRO
3300010157_assembled_Ga0114964_10000880_9,-,PRO_1,-,4.9e-50,167.4,all,3300010157_assembled_Ga0114964_10000880,PRO
3300010885_assembled_Ga0133913_10027335_14,-,PRO_1,-,1e-49,166.4,all,3300010885_assembled_Ga0133913_10027335,PRO
KM502591.1_4,-,PRO_1,-,1.3e-49,166.1,all,KM502591.1,PRO
3300009182_assembled_Ga0114959_10001102_4,-,PRO_1,-,1.5e-49,165.8,all,3300009182_assembled_Ga0114959_10001102,PRO
3300009111_assembled_Ga0115026_10000109_8,-,PRO_1,-,4e-49,164.5,all,3300009111_assembled_Ga0115026_10000109,PRO
3300006114_assembled_Ga0007815_1000154_16,-,PRO_1,-,1.2e-47,159.6,all,3300006114_assembled_Ga0007815_1000154,PRO
3300028413_assembled_Ga0306870_1000093_7,-,PRO_1,-,2.5e-47,158.6,all,3300028413_assembled_Ga0306870_1000093,PRO
3300009151_assembled_Ga0114962_10001691_6,-,PRO_1,-,2.8e-46,155.1,all,3300009151_assembled_Ga0114962_10001691,PRO
3300017971_assembled_Ga0180438_10002894_7,-,PRO_1,-,4.9e-45,151.1,all,3300017971_assembled_Ga0180438_10002894,PRO
3300010885_assembled_Ga0133913_10009934_27,-,PRO_1,-,4.6e-44,147.9,all,3300010885_assembled_Ga0133913_10009934,PRO
Cflag_017B_6,-,PRO_1,-,1.4e-42,143.1,all,Cflag_017B,PRO
BVI_058_11,-,PRO_1,-,8.4e-42,140.5,all,BVI_058,PRO
3300002092_assembled_JGI24218J26658_1000290_2,-,PRO_1,-,1.1e-41,140.1,all,3300002092_assembled_JGI24218J26658_1000290,PRO
3300010885_assembled_Ga0133913_10011061_15,-,PRO_1,-,1.4e-41,139.8,all,3300010885_assembled_Ga0133913_10011061,PRO
RCC970_016A_12,-,PRO_1,-,3.6e-41,138.4,all,RCC970_016A,PRO
3300010885_assembled_Ga0133913_10008424_27,-,PRO_1,-,1.8e-40,136.1,all,3300010885_assembled_Ga0133913_10008424,PRO
3300002835_assembled_B570J40625_100006411_8,-,PRO_1,-,2.5e-40,135.7,all,3300002835_assembled_B570J40625_100006411,PRO
3300027777_assembled_Ga0209829_10000789_6,-,PRO_1,-,2.9e-40,135.5,all,3300027777_assembled_Ga0209829_10000789,PRO
3300010885_assembled_Ga0133913_10008424_1,-,PRO_1,-,7.2e-40,134.2,all,3300010885_assembled_Ga0133913_10008424,PRO
3300014204_assembled_Ga0172381_10002270_23,-,PRO_1,-,7.5e-40,134.1,all,3300014204_assembled_Ga0172381_10002270,PRO
3300005831_assembled_Ga0074471_10193221_23,-,PRO_1,-,9.6e-40,133.7,all,3300005831_assembled_Ga0074471_10193221,PRO
BVI_001A_5,-,PRO_1,-,1.7e-37,126.4,all,BVI_001A,PRO
E4-10_001_13,-,PRO_1,-,3.6e-34,115.5,all,E4-10_001,PRO
3300009085_assembled_Ga0105103_10000772_13,-,PRO_1,-,8.3e-29,98,all,3300009085_assembled_Ga0105103_10000772,PRO
3300010885_assembled_Ga0133913_10009566_1,-,PRO_1,-,1.8e-17,60.9,all,3300010885_assembled_Ga0133913_10009566,PRO
3300027793_assembled_Ga0209972_10000880_3,-,PRO_2,-,1.9e-19,67.4,all,3300027793_assembled_Ga0209972_10000880,PRO
3300023174_assembled_Ga0214921_10004023_15,-,PRO_2,-,3.6e-19,66.5,all,3300023174_assembled_Ga0214921_10004023,PRO
3300010885_assembled_Ga0133913_10013256_21,-,PRO_2,-,1.4e-18,64.6,all,3300010885_assembled_Ga0133913_10013256,PRO
3300010885_assembled_Ga0133913_10017077_17,-,PRO_2,-,3.4e-18,63.4,all,3300010885_assembled_Ga0133913_10017077,PRO
3300010885_assembled_Ga0133913_10008183_3,-,PRO_2,-,9.7e-18,61.9,all,3300010885_assembled_Ga0133913_10008183,PRO
3300010334_assembled_Ga0136644_10000572_7,-,PRO_2,-,1.9e-17,60.9,all,3300010334_assembled_Ga0136644_10000572,PRO
3300009500_assembled_Ga0116229_10007006_20,-,PRO_2,-,3.7e-17,60,all,3300009500_assembled_Ga0116229_10007006,PRO
KM502591.1_4,-,PRO_2,-,3.7e-17,59.9,all,KM502591.1,PRO
3300005582_assembled_Ga0049080_10000091_9,-,PRO_2,-,1.1e-16,58.4,all,3300005582_assembled_Ga0049080_10000091,PRO
3300009160_assembled_Ga0114981_10001519_2,-,PRO_2,-,2.2e-16,57.4,all,3300009160_assembled_Ga0114981_10001519,PRO
3300007540_assembled_Ga0099847_1000087_11,-,PRO_2,-,2.7e-16,57.2,all,3300007540_assembled_Ga0099847_1000087,PRO
3300010885_assembled_Ga0133913_10009566_28,-,PRO_2,-,2.7e-16,57.1,all,3300010885_assembled_Ga0133913_10009566,PRO
3300032665_assembled_Ga0316221_1001987_11,-,PRO_2,-,6e-16,56,all,3300032665_assembled_Ga0316221_1001987,PRO
3300009068_assembled_Ga0114973_10000749_11,-,PRO_2,-,8.3e-16,55.6,all,3300009068_assembled_Ga0114973_10000749,PRO
BVI_055B_6,-,PRO_2,-,1.9e-15,54.4,all,BVI_055B,PRO
HQ712116.1_16,-,PRO_2,-,1.9e-15,54.4,all,HQ712116.1,PRO
3300027973_assembled_Ga0209298_10000424_3,-,PRO_2,-,2e-15,54.3,all,3300027973_assembled_Ga0209298_10000424,PRO
3300010885_assembled_Ga0133913_10007194_17,-,PRO_2,-,2.4e-15,54.1,all,3300010885_assembled_Ga0133913_10007194,PRO
3300010885_assembled_Ga0133913_10009135_21,-,PRO_2,-,4.4e-15,53.2,all,3300010885_assembled_Ga0133913_10009135,PRO
3300009181_assembled_Ga0114969_10001288_13,-,PRO_2,-,5e-15,53,all,3300009181_assembled_Ga0114969_10001288,PRO
MG807318.2_18,-,PRO_2,-,5.7e-15,52.8,all,MG807318.2,PRO
3300017971_assembled_Ga0180438_10002894_7,-,PRO_2,-,7e-15,52.5,all,3300017971_assembled_Ga0180438_10002894,PRO
3300009548_assembled_Ga0116107_1001113_12,-,PRO_2,-,8.8e-15,52.2,all,3300009548_assembled_Ga0116107_1001113,PRO
3300009163_assembled_Ga0114970_10000439_4,-,PRO_2,-,9e-15,52.2,all,3300009163_assembled_Ga0114970_10000439,PRO
3300017963_assembled_Ga0180437_10003822_10,-,PRO_2,-,1e-14,52,all,3300017963_assembled_Ga0180437_10003822,PRO
3300027769_assembled_Ga0209770_10000312_22,-,PRO_2,-,1.2e-14,51.7,all,3300027769_assembled_Ga0209770_10000312,PRO
JN603370.1_9,-,PRO_2,-,1.3e-14,51.6,all,JN603370.1,PRO
3300007734_assembled_Ga0104986_1721_11,-,PRO_2,-,1.7e-14,51.3,all,3300007734_assembled_Ga0104986_1721,PRO
3300009091_assembled_Ga0102851_10000522_25,-,PRO_2,-,4.1e-14,50,all,3300009091_assembled_Ga0102851_10000522,PRO
tig00084897-10-150130_6,-,ALL_PLV,-,4.2e-27,102.9,Aved,tig00084897-10-150130,ALL_PLV
tig00048883-10-193450_24,-,ALL_PLV,-,1.2e-11,51.9,Aved,tig00048883-10-193450,ALL_PLV
tig00056523-10-134420_16,-,ATPase_1,-,1.2e-86,297.7,Aved,tig00056523-10-134420,ATPase
tig00303955-10-54120_4,-,ATPase_1,-,3.3e-71,247,Aved,tig00303955-10-54120,ATPase
tig00128591-10-99140_5,-,ATPase_1,-,7.6e-67,232.7,Aved,tig00128591-10-99140,ATPase
tig00056523-10-134420_16,-,ATPase_2,-,5.2e-76,263.1,Aved,tig00056523-10-134420,ATPase
tig00128591-10-99140_5,-,ATPase_2,-,1.5e-65,228.8,Aved,tig00128591-10-99140,ATPase
tig00303955-10-54120_4,-,ATPase_2,-,5.5e-60,210.5,Aved,tig00303955-10-54120,ATPase
tig00056523-10-134420_16,-,ATPase_3,-,8.9e-20,77.9,Aved,tig00056523-10-134420,ATPase
tig00303955-10-54120_4,-,ATPase_3,-,8.2e-19,74.8,Aved,tig00303955-10-54120,ATPase
tig00128591-10-99140_5,-,ATPase_3,-,1.4e-15,64.2,Aved,tig00128591-10-99140,ATPase
tig00128591-10-99140_5,-,ATPase_4,-,1.8e-23,90.4,Aved,tig00128591-10-99140,ATPase
tig00056523-10-134420_16,-,ATPase_4,-,1.5e-21,84.1,Aved,tig00056523-10-134420,ATPase
tig00303955-10-54120_4,-,ATPase_4,-,5.4e-20,79,Aved,tig00303955-10-54120,ATPase
tig00056523-10-134420_14,-,MCP_1,-,1.5e-131,446.9,Aved,tig00056523-10-134420,MCP
tig00128591-10-99140_3,-,MCP_1,-,2.5e-106,363.7,Aved,tig00128591-10-99140,MCP
tig00056523-10-134420_14,-,MCP_2,-,9.1e-66,229.7,Aved,tig00056523-10-134420,MCP
tig00128591-10-99140_3,-,MCP_2,-,2.1e-33,122.8,Aved,tig00128591-10-99140,MCP
tig00056523-10-134420_14,-,MCP_3,-,1.4e-34,126.7,Aved,tig00056523-10-134420,MCP
tig00128591-10-99140_3,-,MCP_3,-,4.1e-17,69.1,Aved,tig00128591-10-99140,MCP
tig00056523-10-134420_14,-,MCP_4,-,2.2e-24,93.1,Aved,tig00056523-10-134420,MCP
tig00128591-10-99140_3,-,MCP_4,-,1.1e-18,74.3,Aved,tig00128591-10-99140,MCP
tig00056523-10-134420_14,-,MCP_5,-,8.2e-30,110.8,Aved,tig00056523-10-134420,MCP
tig00128591-10-99140_3,-,MCP_5,-,2.8e-26,99.1,Aved,tig00128591-10-99140,MCP
tig00128591-10-99140_3,-,MCP_6,-,1.2e-28,107.1,Aved,tig00128591-10-99140,MCP
tig00056523-10-134420_14,-,MCP_6,-,1.5e-17,70.4,Aved,tig00056523-10-134420,MCP
tig00056523-10-134420_14,-,MCP_7,-,3.6e-41,148.2,Aved,tig00056523-10-134420,MCP
tig00128591-10-99140_3,-,MCP_7,-,6.3e-33,121,Aved,tig00128591-10-99140,MCP
tig00056523-10-134420_13,-,Penton_1,-,2.6e-88,303.9,Aved,tig00056523-10-134420,Penton
tig00303955-10-54120_6,-,Penton_1,-,1.5e-66,232.3,Aved,tig00303955-10-54120,Penton
tig00056523-10-134420_13,-,Penton_2,-,2.5e-39,142.5,Aved,tig00056523-10-134420,Penton
tig00303955-10-54120_6,-,Penton_2,-,1.4e-32,120.2,Aved,tig00303955-10-54120,Penton
tig00056523-10-134420_13,-,Penton_4,-,1.6e-25,97.1,Aved,tig00056523-10-134420,Penton
tig00303955-10-54120_6,-,Penton_4,-,1.8e-18,73.8,Aved,tig00303955-10-54120,Penton
tig00056523-10-134420_13,-,Penton_6,-,6.9e-12,51.5,Aved,tig00056523-10-134420,Penton
tig00056523-10-134420_13,-,Penton_7,-,1.2e-17,71,Aved,tig00056523-10-134420,Penton
tig00056523-10-134420_12,-,PRO_1,-,4.6e-59,207,Aved,tig00056523-10-134420,PRO
tig00303955-10-54120_5,-,PRO_1,-,3.2e-48,171.5,Aved,tig00303955-10-54120,PRO
tig00303955-10-54120_5,-,PRO_2,-,1.5e-15,64.7,Aved,tig00303955-10-54120,PRO
tig00027726-10-154320_7,-,ALL_PLV,-,1.2e-19,77.5,Bjer,tig00027726-10-154320,ALL_PLV
tig00023163-10-127550_16,-,PRO_1,-,1.7e-11,50.5,Bjer,tig00023163-10-127550,PRO
tig00018526-10-141480_11,-,ATPase_1,-,1.9e-82,282.8,Damh,tig00018526-10-141480,ATPase
tig00014446-10-220150_17,-,ATPase_1,-,1.3e-80,276.9,Damh,tig00014446-10-220150,ATPase
tig00046628-10-92530_17,-,ATPase_1,-,8.2e-35,126.6,Damh,tig00046628-10-92530,ATPase
tig00046628-10-92530_16,-,ATPase_1,-,1e-15,63.9,Damh,tig00046628-10-92530,ATPase
tig00018526-10-141480_11,-,ATPase_2,-,1.5e-67,234.4,Damh,tig00018526-10-141480,ATPase
tig00014446-10-220150_17,-,ATPase_2,-,1.8e-62,217.7,Damh,tig00014446-10-220150,ATPase
tig00046628-10-92530_17,-,ATPase_2,-,6.1e-26,97.6,Damh,tig00046628-10-92530,ATPase
tig00018526-10-141480_11,-,ATPase_3,-,1.4e-21,82.8,Damh,tig00018526-10-141480,ATPase
tig00014446-10-220150_17,-,ATPase_3,-,3.8e-12,51.9,Damh,tig00014446-10-220150,ATPase
tig00018526-10-141480_11,-,ATPase_4,-,1.4e-27,102.9,Damh,tig00018526-10-141480,ATPase
tig00014446-10-220150_17,-,ATPase_4,-,3.5e-26,98.3,Damh,tig00014446-10-220150,ATPase
tig00046628-10-92530_17,-,ATPase_4,-,3.1e-16,65.6,Damh,tig00046628-10-92530,ATPase
tig00014446-10-220150_23,-,MCP_1,-,3.4e-155,524.1,Damh,tig00014446-10-220150,MCP
tig00018526-10-141480_14,-,MCP_1,-,1.1e-142,482.7,Damh,tig00018526-10-141480,MCP
tig00046628-10-92530_8,-,MCP_1,-,3.4e-116,395.3,Damh,tig00046628-10-92530,MCP
tig00127057-10-71710_5,-,MCP_1,-,3.7e-20,78,Damh,tig00127057-10-71710,MCP
tig00127057-10-71710_4,-,MCP_1,-,5.2e-19,74.2,Damh,tig00127057-10-71710,MCP
tig00014446-10-220150_23,-,MCP_2,-,1.4e-95,327.2,Damh,tig00014446-10-220150,MCP
tig00018526-10-141480_14,-,MCP_2,-,3.8e-77,266.2,Damh,tig00018526-10-141480,MCP
tig00046628-10-92530_8,-,MCP_2,-,3.5e-70,243.3,Damh,tig00046628-10-92530,MCP
tig00018526-10-141480_14,-,MCP_3,-,7.8e-37,133.2,Damh,tig00018526-10-141480,MCP
tig00046628-10-92530_8,-,MCP_3,-,3.7e-28,104.6,Damh,tig00046628-10-92530,MCP
tig00014446-10-220150_23,-,MCP_3,-,4.9e-27,100.8,Damh,tig00014446-10-220150,MCP
tig00018526-10-141480_14,-,MCP_4,-,1.4e-32,119.2,Damh,tig00018526-10-141480,MCP
tig00014446-10-220150_23,-,MCP_4,-,7.5e-19,73.8,Damh,tig00014446-10-220150,MCP
tig00018526-10-141480_14,-,MCP_5,-,9.9e-40,142.5,Damh,tig00018526-10-141480,MCP
tig00014446-10-220150_23,-,MCP_5,-,4.1e-37,133.9,Damh,tig00014446-10-220150,MCP
tig00046628-10-92530_8,-,MCP_5,-,3.4e-28,104.4,Damh,tig00046628-10-92530,MCP
tig00046628-10-92530_8,-,MCP_6,-,2e-31,115.2,Damh,tig00046628-10-92530,MCP
tig00014446-10-220150_23,-,MCP_6,-,5.4e-29,107.1,Damh,tig00014446-10-220150,MCP
tig00018526-10-141480_14,-,MCP_6,-,4.5e-25,94.2,Damh,tig00018526-10-141480,MCP
tig00018526-10-141480_14,-,MCP_7,-,2.7e-47,167.4,Damh,tig00018526-10-141480,MCP
tig00127057-10-71710_3,-,Penton_1,-,2.2e-102,349.2,Damh,tig00127057-10-71710,Penton
tig00014446-10-220150_30,-,Penton_1,-,6e-100,341.2,Damh,tig00014446-10-220150,Penton
tig00018526-10-141480_8,-,Penton_1,-,4.3e-73,252.8,Damh,tig00018526-10-141480,Penton
tig00046628-10-92530_3,-,Penton_1,-,1.3e-47,168.9,Damh,tig00046628-10-92530,Penton
tig00046628-10-92530_2,-,Penton_1,-,1.2e-29,109.8,Damh,tig00046628-10-92530,Penton
tig00127057-10-71710_3,-,Penton_2,-,1.7e-60,211.4,Damh,tig00127057-10-71710,Penton
tig00014446-10-220150_30,-,Penton_2,-,1e-56,198.9,Damh,tig00014446-10-220150,Penton
tig00018526-10-141480_8,-,Penton_2,-,4.8e-30,110.9,Damh,tig00018526-10-141480,Penton
tig00046628-10-92530_3,-,Penton_2,-,2.9e-22,85.3,Damh,tig00046628-10-92530,Penton
tig00046628-10-92530_2,-,Penton_2,-,7.6e-17,67.4,Damh,tig00046628-10-92530,Penton
tig00014446-10-220150_30,-,Penton_3,-,1.1e-21,83.2,Damh,tig00014446-10-220150,Penton
tig00127057-10-71710_3,-,Penton_3,-,1.8e-17,69.2,Damh,tig00127057-10-71710,Penton
tig00014545-10-136250_5,-,Penton_3,-,2.4e-13,55.6,Damh,tig00014545-10-136250,Penton
tig00127057-10-71710_3,-,Penton_4,-,2.9e-28,105.1,Damh,tig00127057-10-71710,Penton
tig00014446-10-220150_30,-,Penton_4,-,1.1e-27,103.1,Damh,tig00014446-10-220150,Penton
tig00046628-10-92530_3,-,Penton_4,-,5.1e-14,58.1,Damh,tig00046628-10-92530,Penton
tig00018526-10-141480_8,-,Penton_4,-,2.5e-13,55.8,Damh,tig00018526-10-141480,Penton
tig00127057-10-71710_3,-,Penton_6,-,1.7e-19,75.7,Damh,tig00127057-10-71710,Penton
tig00014446-10-220150_30,-,Penton_6,-,3.4e-13,54.8,Damh,tig00014446-10-220150,Penton
tig00127057-10-71710_3,-,Penton_7,-,1.1e-24,93.3,Damh,tig00127057-10-71710,Penton
tig00018526-10-141480_8,-,Penton_7,-,3.9e-15,61.7,Damh,tig00018526-10-141480,Penton
tig00014446-10-220150_30,-,Penton_7,-,3.1e-13,55.4,Damh,tig00014446-10-220150,Penton
tig00018526-10-141480_7,-,PRO_1,-,5.7e-57,199.1,Damh,tig00018526-10-141480,PRO
tig00014446-10-220150_31,-,PRO_1,-,1.4e-44,158.6,Damh,tig00014446-10-220150,PRO
tig00046628-10-92530_1,-,PRO_1,-,5.7e-44,156.6,Damh,tig00046628-10-92530,PRO
tig00103135-10-42000_3,-,ATPase_1,-,1.1e-39,142.4,Ega,tig00103135-10-42000,ATPase
tig00010535-10-138050_11,-,ATPase_1,-,8.3e-18,70.6,Ega,tig00010535-10-138050,ATPase
tig00103135-10-42000_3,-,ATPase_2,-,5.1e-35,127.2,Ega,tig00103135-10-42000,ATPase
tig00010535-10-138050_11,-,ATPase_2,-,6.7e-17,67.7,Ega,tig00010535-10-138050,ATPase
tig00103135-10-42000_3,-,ATPase_4,-,1.5e-13,56.7,Ega,tig00103135-10-42000,ATPase
tig00103135-10-42000_6,-,MCP_1,-,4.4e-17,67.7,Ega,tig00103135-10-42000,MCP
tig00010535-10-138050_8,-,PRO_1,-,2.6e-15,62.7,Ega,tig00010535-10-138050,PRO
tig00023995-10-186920_14,-,ALL_PLV,-,2.5e-17,69.6,Ejby,tig00023995-10-186920,ALL_PLV
tig00169284-10-48490_4,-,ATPase_1,-,2.2e-36,131.7,Ejby,tig00169284-10-48490,ATPase
tig00832822-10-185490_14,-,ATPase_1,-,2.7e-17,69.1,Ejby,tig00832822-10-185490,ATPase
tig00169284-10-48490_4,-,ATPase_2,-,1.6e-28,106.1,Ejby,tig00169284-10-48490,ATPase
tig00832822-10-185490_14,-,ATPase_2,-,9.7e-17,67.3,Ejby,tig00832822-10-185490,ATPase
tig00154813-10-45360_5,-,ATPase_2,-,2e-12,53.2,Ejby,tig00154813-10-45360,ATPase
tig00169284-10-48490_7,-,PRO_1,-,2.8e-23,88.9,Ejby,tig00169284-10-48490,PRO
tig00832822-10-185490_9,-,PRO_1,-,2.5e-15,62.8,Ejby,tig00832822-10-185490,PRO
tig00013900-10-222580_6,-,ATPase_1,-,7.1e-18,70.8,EsbE,tig00013900-10-222580,ATPase
tig00016084-10-142160_8,-,ATPase_1,-,3.4e-17,68.6,EsbE,tig00016084-10-142160,ATPase
tig00021364-10-95930_9,-,ATPase_1,-,5.2e-16,64.7,EsbE,tig00021364-10-95930,ATPase
tig00013900-10-222580_22,-,ATPase_1,-,2e-15,62.7,EsbE,tig00013900-10-222580,ATPase
tig00013900-10-222580_6,-,ATPase_2,-,6.2e-17,67.8,EsbE,tig00013900-10-222580,ATPase
tig00021364-10-95930_9,-,ATPase_2,-,1.8e-16,66.3,EsbE,tig00021364-10-95930,ATPase
tig00016084-10-142160_8,-,ATPase_2,-,1.8e-16,66.2,EsbE,tig00016084-10-142160,ATPase
tig00013900-10-222580_22,-,ATPase_2,-,1.7e-15,63,EsbE,tig00013900-10-222580,ATPase
tig00021364-10-95930_4,-,PRO_1,-,1.1e-15,63.8,EsbE,tig00021364-10-95930,PRO
tig00013900-10-222580_9,-,PRO_1,-,2.2e-15,62.8,EsbE,tig00013900-10-222580,PRO
tig00016084-10-142160_4,-,PRO_1,-,6.7e-12,51.5,EsbE,tig00016084-10-142160,PRO
tig00060713-10-84520_4,-,ATPase_1,-,6.2e-86,294.8,Fred,tig00060713-10-84520,ATPase
tig00089364-10-137080_10,-,ATPase_1,-,9.5e-74,254.8,Fred,tig00089364-10-137080,ATPase
tig00060713-10-84520_4,-,ATPase_2,-,1.3e-67,235,Fred,tig00060713-10-84520,ATPase
tig00089364-10-137080_10,-,ATPase_2,-,1.8e-63,221.4,Fred,tig00089364-10-137080,ATPase
tig00089364-10-137080_10,-,ATPase_3,-,1.2e-20,80.3,Fred,tig00089364-10-137080,ATPase
tig00060713-10-84520_4,-,ATPase_3,-,6.1e-13,55,Fred,tig00060713-10-84520,ATPase
tig00089364-10-137080_10,-,ATPase_4,-,6.1e-23,88.2,Fred,tig00089364-10-137080,ATPase
tig00060713-10-84520_4,-,ATPase_4,-,6.4e-22,84.8,Fred,tig00060713-10-84520,ATPase
tig00089364-10-137080_6,-,MCP_1,-,6.2e-145,490.7,Fred,tig00089364-10-137080,MCP
tig00051270-10-161640_20,-,MCP_1,-,2.4e-92,317,Fred,tig00051270-10-161640,MCP
tig00060713-10-84520_1,-,MCP_1,-,1.4e-19,76.7,Fred,tig00060713-10-84520,MCP
tig00051270-10-161640_19,-,MCP_1,-,3.8e-13,55.4,Fred,tig00051270-10-161640,MCP
tig00089364-10-137080_6,-,MCP_2,-,9.7e-77,265.4,Fred,tig00089364-10-137080,MCP
tig00051270-10-161640_20,-,MCP_2,-,3.2e-31,115.1,Fred,tig00051270-10-161640,MCP
tig00089364-10-137080_6,-,MCP_3,-,3.2e-38,138.3,Fred,tig00089364-10-137080,MCP
tig00089364-10-137080_6,-,MCP_4,-,6.1e-29,107.7,Fred,tig00089364-10-137080,MCP
tig00051270-10-161640_20,-,MCP_4,-,3.8e-12,52.2,Fred,tig00051270-10-161640,MCP
tig00089364-10-137080_6,-,MCP_5,-,4.6e-41,147.4,Fred,tig00089364-10-137080,MCP
tig00051270-10-161640_20,-,MCP_5,-,3.6e-26,98.3,Fred,tig00051270-10-161640,MCP
tig00051270-10-161640_20,-,MCP_6,-,2.7e-29,108.7,Fred,tig00051270-10-161640,MCP
tig00089364-10-137080_6,-,MCP_6,-,5.8e-20,77.9,Fred,tig00089364-10-137080,MCP
tig00089364-10-137080_6,-,MCP_7,-,4.8e-51,180.3,Fred,tig00089364-10-137080,MCP
tig00051270-10-161640_20,-,MCP_7,-,8.3e-23,87.1,Fred,tig00051270-10-161640,MCP
tig00089364-10-137080_13,-,Penton_1,-,1.5e-75,261.4,Fred,tig00089364-10-137080,Penton
tig00051270-10-161640_23,-,Penton_1,-,3e-25,95.8,Fred,tig00051270-10-161640,Penton
tig00089364-10-137080_13,-,Penton_2,-,3.3e-32,118.5,Fred,tig00089364-10-137080,Penton
tig00089364-10-137080_13,-,Penton_4,-,6.4e-15,61.6,Fred,tig00089364-10-137080,Penton
tig00089364-10-137080_13,-,Penton_7,-,1.7e-15,63.4,Fred,tig00089364-10-137080,Penton
tig00089364-10-137080_14,-,PRO_1,-,3e-55,194,Fred,tig00089364-10-137080,PRO
tig00051270-10-161640_14,-,PRO_1,-,3.9e-47,167.5,Fred,tig00051270-10-161640,PRO
tig00060303-10-158030_11,-,ATPase_1,-,9.2e-81,278.2,Hade,tig00060303-10-158030,ATPase
tig00105328-10-76740_7,-,ATPase_1,-,6.6e-46,163.8,Hade,tig00105328-10-76740,ATPase
tig00060303-10-158030_11,-,ATPase_2,-,6.3e-63,220,Hade,tig00060303-10-158030,ATPase
tig00105328-10-76740_7,-,ATPase_2,-,2.7e-40,145.6,Hade,tig00105328-10-76740,ATPase
tig00060303-10-158030_11,-,ATPase_3,-,1.1e-12,54.5,Hade,tig00060303-10-158030,ATPase
tig00060303-10-158030_11,-,ATPase_4,-,4.2e-26,98.9,Hade,tig00060303-10-158030,ATPase
tig00105328-10-76740_7,-,ATPase_4,-,1.8e-13,57.4,Hade,tig00105328-10-76740,ATPase
tig00086668-10-71420_7,-,MCP_1,-,3.6e-135,458.8,Hade,tig00086668-10-71420,MCP
tig00060549-10-100530_3,-,MCP_1,-,2.3e-116,396.6,Hade,tig00060549-10-100530,MCP
tig00060303-10-158030_16,-,MCP_1,-,3.7e-99,339.8,Hade,tig00060303-10-158030,MCP
tig00060303-10-158030_18,-,MCP_1,-,6.3e-21,81.4,Hade,tig00060303-10-158030,MCP
tig00219670-10-45410_8,-,MCP_1,-,3.4e-18,72.4,Hade,tig00219670-10-45410,MCP
tig00219670-10-45410_10,-,MCP_1,-,2.4e-14,59.6,Hade,tig00219670-10-45410,MCP
tig00060303-10-158030_17,-,MCP_1,-,4.1e-14,58.9,Hade,tig00060303-10-158030,MCP
tig00086668-10-71420_7,-,MCP_2,-,8.9e-83,285.7,Hade,tig00086668-10-71420,MCP
tig00060549-10-100530_3,-,MCP_2,-,3.7e-68,237.4,Hade,tig00060549-10-100530,MCP
tig00060303-10-158030_16,-,MCP_2,-,4e-60,210.9,Hade,tig00060303-10-158030,MCP
tig00086668-10-71420_7,-,MCP_3,-,2e-24,93,Hade,tig00086668-10-71420,MCP
tig00060549-10-100530_3,-,MCP_3,-,7e-23,87.9,Hade,tig00060549-10-100530,MCP
tig00060303-10-158030_16,-,MCP_3,-,2.5e-14,59.7,Hade,tig00060303-10-158030,MCP
tig00060549-10-100530_3,-,MCP_4,-,3.5e-22,85.7,Hade,tig00060549-10-100530,MCP
tig00086668-10-71420_7,-,MCP_4,-,1.4e-17,70.5,Hade,tig00086668-10-71420,MCP
tig00060303-10-158030_16,-,MCP_4,-,1.1e-15,64.2,Hade,tig00060303-10-158030,MCP
tig00086668-10-71420_7,-,MCP_5,-,3.6e-35,128.3,Hade,tig00086668-10-71420,MCP
tig00060549-10-100530_3,-,MCP_5,-,1.3e-30,113.2,Hade,tig00060549-10-100530,MCP
tig00060303-10-158030_16,-,MCP_5,-,1.1e-22,87.1,Hade,tig00060303-10-158030,MCP
tig00086668-10-71420_7,-,MCP_6,-,1e-28,107.1,Hade,tig00086668-10-71420,MCP
tig00060549-10-100530_3,-,MCP_6,-,1.1e-18,73.9,Hade,tig00060549-10-100530,MCP
tig00060303-10-158030_16,-,MCP_6,-,5.9e-13,55,Hade,tig00060303-10-158030,MCP
tig00060549-10-100530_3,-,MCP_7,-,8.8e-12,51,Hade,tig00060549-10-100530,MCP
tig00060549-10-100530_4,-,Penton_1,-,1e-101,347.8,Hade,tig00060549-10-100530,Penton
tig00086668-10-71420_2,-,Penton_1,-,3.4e-99,339.6,Hade,tig00086668-10-71420,Penton
tig00060549-10-100530_4,-,Penton_2,-,1.6e-59,209,Hade,tig00060549-10-100530,Penton
tig00086668-10-71420_2,-,Penton_2,-,6.1e-56,197.1,Hade,tig00086668-10-71420,Penton
tig00086668-10-71420_2,-,Penton_3,-,5e-21,81.8,Hade,tig00086668-10-71420,Penton
tig00060549-10-100530_4,-,Penton_3,-,1.2e-17,70.7,Hade,tig00060549-10-100530,Penton
tig00060549-10-100530_4,-,Penton_4,-,5.6e-28,104.9,Hade,tig00060549-10-100530,Penton
tig00086668-10-71420_2,-,Penton_4,-,1.8e-27,103.2,Hade,tig00086668-10-71420,Penton
tig00060549-10-100530_4,-,Penton_6,-,2.6e-19,75.9,Hade,tig00060549-10-100530,Penton
tig00086668-10-71420_2,-,Penton_6,-,1.4e-12,53.7,Hade,tig00086668-10-71420,Penton
tig00060549-10-100530_4,-,Penton_7,-,2.1e-24,93.2,Hade,tig00060549-10-100530,Penton
tig00086668-10-71420_2,-,Penton_7,-,2.4e-12,53.3,Hade,tig00086668-10-71420,Penton
tig00105328-10-76740_8,-,PRO_1,-,1.2e-42,153,Hade,tig00105328-10-76740,PRO
tig00086668-10-71420_1,-,PRO_1,-,2.8e-22,86.5,Hade,tig00086668-10-71420,PRO
tig00078459-10-82880_3,-,PRO_1,-,2.1e-14,60.6,Hade,tig00078459-10-82880,PRO
tig00046032-10-146580_6,-,ALL_PLV,-,2.2e-29,109.4,Lyne,tig00046032-10-146580,ALL_PLV
tig00060056-10-166770_23,-,ALL_PLV,-,2.3e-14,59.8,Lyne,tig00060056-10-166770,ALL_PLV
tig00033829-10-240680_18,-,ATPase_1,-,4.2e-81,278.4,Lyne,tig00033829-10-240680,ATPase
tig00044463-10-176290_24,-,ATPase_1,-,5.6e-80,274.7,Lyne,tig00044463-10-176290,ATPase
tig00028020-10-249450_7,-,ATPase_1,-,1.5e-71,247,Lyne,tig00028020-10-249450,ATPase
tig00033829-10-240680_18,-,ATPase_2,-,3.8e-63,219.8,Lyne,tig00033829-10-240680,ATPase
tig00044463-10-176290_24,-,ATPase_2,-,1.7e-62,217.7,Lyne,tig00044463-10-176290,ATPase
tig00028020-10-249450_7,-,ATPase_2,-,5.7e-56,196.2,Lyne,tig00028020-10-249450,ATPase
tig00033829-10-240680_18,-,ATPase_3,-,6.7e-13,54.3,Lyne,tig00033829-10-240680,ATPase
tig00044463-10-176290_24,-,ATPase_3,-,2.1e-12,52.7,Lyne,tig00044463-10-176290,ATPase
tig00044463-10-176290_24,-,ATPase_4,-,3.3e-27,101.7,Lyne,tig00044463-10-176290,ATPase
tig00033829-10-240680_18,-,ATPase_4,-,1.9e-26,99.2,Lyne,tig00033829-10-240680,ATPase
tig00028020-10-249450_7,-,ATPase_4,-,4e-21,81.7,Lyne,tig00028020-10-249450,ATPase
tig00033829-10-240680_12,-,MCP_1,-,2.6e-154,521.1,Lyne,tig00033829-10-240680,MCP
tig00044463-10-176290_16,-,MCP_1,-,1.1e-79,274.7,Lyne,tig00044463-10-176290,MCP
tig00028020-10-249450_26,-,MCP_1,-,1.5e-40,145.3,Lyne,tig00028020-10-249450,MCP
tig00044463-10-176290_15,-,MCP_1,-,8.8e-40,142.8,Lyne,tig00044463-10-176290,MCP
tig00028020-10-249450_27,-,MCP_1,-,4.8e-28,104,Lyne,tig00028020-10-249450,MCP
tig00028020-10-249450_28,-,MCP_1,-,4.5e-22,84.3,Lyne,tig00028020-10-249450,MCP
tig00033829-10-240680_12,-,MCP_2,-,1.9e-95,326.7,Lyne,tig00033829-10-240680,MCP
tig00044463-10-176290_16,-,MCP_2,-,8.6e-47,166,Lyne,tig00044463-10-176290,MCP
tig00044463-10-176290_15,-,MCP_2,-,2.6e-24,91.8,Lyne,tig00044463-10-176290,MCP
tig00028020-10-249450_26,-,MCP_2,-,2.2e-19,75.5,Lyne,tig00028020-10-249450,MCP
tig00028020-10-249450_27,-,MCP_2,-,1.8e-16,65.9,Lyne,tig00028020-10-249450,MCP
tig00033829-10-240680_12,-,MCP_3,-,7.3e-25,93.6,Lyne,tig00033829-10-240680,MCP
tig00033829-10-240680_12,-,MCP_4,-,2.7e-18,72,Lyne,tig00033829-10-240680,MCP
tig00033829-10-240680_12,-,MCP_5,-,5.2e-36,130.2,Lyne,tig00033829-10-240680,MCP
tig00033829-10-240680_12,-,MCP_6,-,1e-28,106.2,Lyne,tig00033829-10-240680,MCP
tig00044463-10-176290_16,-,MCP_6,-,2.6e-16,65.3,Lyne,tig00044463-10-176290,MCP
tig00028020-10-249450_25,-,Penton_1,-,4.2e-102,348.3,Lyne,tig00028020-10-249450,Penton
tig00033829-10-240680_6,-,Penton_1,-,6.9e-100,341,Lyne,tig00033829-10-240680,Penton
tig00044463-10-176290_19,-,Penton_1,-,1.1e-74,258,Lyne,tig00044463-10-176290,Penton
tig00028020-10-249450_25,-,Penton_2,-,7e-60,209.3,Lyne,tig00028020-10-249450,Penton
tig00033829-10-240680_6,-,Penton_2,-,1.1e-56,198.8,Lyne,tig00033829-10-240680,Penton
tig00044463-10-176290_19,-,Penton_2,-,2.2e-38,138.4,Lyne,tig00044463-10-176290,Penton
tig00033829-10-240680_6,-,Penton_3,-,1.3e-21,82.9,Lyne,tig00033829-10-240680,Penton
tig00028020-10-249450_25,-,Penton_3,-,1.6e-17,69.4,Lyne,tig00028020-10-249450,Penton
tig00044463-10-176290_19,-,Penton_3,-,1.5e-13,56.3,Lyne,tig00044463-10-176290,Penton
tig00019519-10-1572710_17,-,Penton_3,-,7.6e-12,50.6,Lyne,tig00019519-10-1572710,Penton
tig00028020-10-249450_25,-,Penton_4,-,2.4e-28,105.3,Lyne,tig00028020-10-249450,Penton
tig00033829-10-240680_6,-,Penton_4,-,7e-28,103.8,Lyne,tig00033829-10-240680,Penton
tig00044463-10-176290_19,-,Penton_4,-,9.9e-17,67,Lyne,tig00044463-10-176290,Penton
tig00028020-10-249450_25,-,Penton_6,-,4.3e-20,77.7,Lyne,tig00028020-10-249450,Penton
tig00033829-10-240680_6,-,Penton_6,-,4.2e-13,54.5,Lyne,tig00033829-10-240680,Penton
tig00028020-10-249450_25,-,Penton_7,-,3.3e-25,94.9,Lyne,tig00028020-10-249450,Penton
tig00044463-10-176290_19,-,Penton_7,-,1.2e-16,66.7,Lyne,tig00044463-10-176290,Penton
tig00033829-10-240680_6,-,Penton_7,-,9.5e-13,53.8,Lyne,tig00033829-10-240680,Penton
tig00044463-10-176290_20,-,PRO_1,-,4.9e-46,163.3,Lyne,tig00044463-10-176290,PRO
tig00033829-10-240680_5,-,PRO_1,-,4.4e-45,160.2,Lyne,tig00033829-10-240680,PRO
tig00028020-10-249450_6,-,PRO_1,-,2.5e-43,154.5,Lyne,tig00028020-10-249450,PRO
tig00039850-10-191400_2,-,ALL_PLV,-,4.6e-21,81.9,Mari,tig00039850-10-191400,ALL_PLV
tig00058335-10-55480_1,-,ATPase_1,-,1.1e-18,73.7,OdNE,tig00058335-10-55480,ATPase
tig00058335-10-55480_1,-,ATPase_2,-,7.1e-15,61.3,OdNE,tig00058335-10-55480,ATPase
tig00000226-10-119890_7,-,Penton_1,-,2.9e-41,148.1,OdNE,tig00000226-10-119890,Penton
tig00000226-10-119890_7,-,Penton_2,-,9.2e-19,73.8,OdNE,tig00000226-10-119890,Penton
tig00000226-10-119890_7,-,Penton_6,-,7.9e-13,53.7,OdNE,tig00000226-10-119890,Penton
tig00054083-10-84480_3,-,ALL_PLV,-,1e-33,123.5,Rand,tig00054083-10-84480,ALL_PLV
tig00055912-10-108660_9,-,ALL_PLV,-,9.9e-26,97.1,Rand,tig00055912-10-108660,ALL_PLV
tig00813462-10-110980_9,-,ALL_PLV,-,2e-25,96.1,Rand,tig00813462-10-110980,ALL_PLV
tig00021614-10-77380_8,-,ATPase_1,-,2.2e-17,69.2,Rand,tig00021614-10-77380,ATPase
tig00016083-10-180830_9,-,ATPase_1,-,2.9e-17,68.8,Rand,tig00016083-10-180830,ATPase
tig00016083-10-180830_9,-,ATPase_2,-,4.6e-17,68.1,Rand,tig00016083-10-180830,ATPase
tig00021614-10-77380_8,-,ATPase_2,-,9.9e-17,67,Rand,tig00021614-10-77380,ATPase
tig00016083-10-180830_6,-,PRO_1,-,2.9e-15,62.4,Rand,tig00016083-10-180830,PRO
tig00030249-10-170680_17,-,ALL_PLV,-,3.3e-12,52.9,Ribe,tig00030249-10-170680,ALL_PLV
tig00204386-10-43960_1,-,ATPase_1,-,8.3e-35,126.8,Skiv,tig00204386-10-43960,ATPase
tig00138093-10-67990_3,-,ATPase_1,-,5.4e-34,124.2,Skiv,tig00138093-10-67990,ATPase
tig00204386-10-43960_1,-,ATPase_2,-,9.3e-32,117,Skiv,tig00204386-10-43960,ATPase
tig00138093-10-67990_3,-,ATPase_2,-,2.7e-27,102.3,Skiv,tig00138093-10-67990,ATPase
tig00138093-10-67990_3,-,ATPase_4,-,1.2e-12,54.1,Skiv,tig00138093-10-67990,ATPase
tig00138093-10-67990_12,-,Penton_1,-,3.5e-23,88.8,Skiv,tig00138093-10-67990,Penton
tig00138093-10-67990_11,-,Penton_1,-,1.7e-21,83.3,Skiv,tig00138093-10-67990,Penton
tig00138093-10-67990_12,-,Penton_2,-,3e-12,52.5,Skiv,tig00138093-10-67990,Penton
tig00138093-10-67990_13,-,PRO_1,-,4.8e-13,55.7,Skiv,tig00138093-10-67990,PRO
tig00019442-10-136670_4,-,ALL_PLV,-,5.3e-32,117.8,Vibo,tig00019442-10-136670,ALL_PLV
tig00024931-10-107240_8,-,ALL_PLV,-,3.1e-18,72.4,Vibo,tig00024931-10-107240,ALL_PLV
tig00073545-10-42870_2,-,ATPase_1,-,3.2e-35,127.7,Vibo,tig00073545-10-42870,ATPase
tig00073545-10-42870_2,-,ATPase_2,-,6.6e-38,136.7,Vibo,tig00073545-10-42870,ATPase
tig00073545-10-42870_2,-,ATPase_4,-,1.1e-11,50.4,Vibo,tig00073545-10-42870,ATPase
tig00073545-10-42870_4,-,MCP_1,-,4.2e-94,322.1,Vibo,tig00073545-10-42870,MCP
tig00073545-10-42870_4,-,MCP_2,-,2.5e-47,167.6,Vibo,tig00073545-10-42870,MCP
tig00073545-10-42870_4,-,MCP_4,-,3.5e-14,58.2,Vibo,tig00073545-10-42870,MCP
tig00073545-10-42870_4,-,MCP_5,-,4.4e-41,146.8,Vibo,tig00073545-10-42870,MCP
tig00073545-10-42870_4,-,MCP_6,-,1.9e-22,85.3,Vibo,tig00073545-10-42870,MCP
tig00073545-10-42870_3,-,Penton_1,-,3e-36,131.3,Vibo,tig00073545-10-42870,Penton
tig00043866-10-124870_7,-,ATPase_1,-,1.6e-88,302.1,Viby,tig00043866-10-124870,ATPase
tig00043866-10-124870_7,-,ATPase_2,-,9.5e-69,237.7,Viby,tig00043866-10-124870,ATPase
tig00043866-10-124870_7,-,ATPase_3,-,3.5e-20,77.6,Viby,tig00043866-10-124870,ATPase
tig00043866-10-124870_7,-,ATPase_4,-,1.4e-26,99,Viby,tig00043866-10-124870,ATPase
tig00043866-10-124870_3,-,MCP_1,-,1.3e-25,95.4,Viby,tig00043866-10-124870,MCP
tig00043866-10-124870_4,-,MCP_1,-,2e-21,81.6,Viby,tig00043866-10-124870,MCP
tig00043866-10-124870_3,-,MCP_2,-,7.3e-14,56.7,Viby,tig00043866-10-124870,MCP
tig00043866-10-124870_4,-,MCP_2,-,6.6e-12,50.2,Viby,tig00043866-10-124870,MCP
tig00043866-10-124870_5,-,Penton_1,-,7.9e-103,350.1,Viby,tig00043866-10-124870,Penton
tig00043866-10-124870_5,-,Penton_2,-,4.2e-58,202.8,Viby,tig00043866-10-124870,Penton
tig00043866-10-124870_5,-,Penton_3,-,7.8e-17,66.5,Viby,tig00043866-10-124870,Penton
tig00043866-10-124870_5,-,Penton_4,-,3e-27,101.1,Viby,tig00043866-10-124870,Penton
tig00043866-10-124870_5,-,Penton_6,-,9.9e-18,69.3,Viby,tig00043866-10-124870,Penton
tig00043866-10-124870_5,-,Penton_7,-,2.8e-20,78.1,Viby,tig00043866-10-124870,Penton
